DateKey,Date,Fiscal Year,Fiscal Quarter,Month,Full Date,MonthKey
20170701,07/01/2017,FY2018,FY2018 Q1,2017 Jul,"2017 Jul, 01",201707
20170702,07/02/2017,FY2018,FY2018 Q1,2017 Jul,"2017 Jul, 02",201707
20170703,07/03/2017,FY2018,FY2018 Q1,2017 Jul,"2017 Jul, 03",201707
20170704,07/04/2017,FY2018,FY2018 Q1,2017 Jul,"2017 Jul, 04",201707
20170705,07/05/2017,FY2018,FY2018 Q1,2017 Jul,"2017 Jul, 05",201707
20170706,07/06/2017,FY2018,FY2018 Q1,2017 Jul,"2017 Jul, 06",201707
20170707,07/07/2017,FY2018,FY2018 Q1,2017 Jul,"2017 Jul, 07",201707
20170708,07/08/2017,FY2018,FY2018 Q1,2017 Jul,"2017 Jul, 08",201707
20170709,07/09/2017,FY2018,FY2018 Q1,2017 Jul,"2017 Jul, 09",201707
20170710,07/10/2017,FY2018,FY2018 Q1,2017 Jul,"2017 Jul, 10",201707
20170711,07/11/2017,FY2018,FY2018 Q1,2017 Jul,"2017 Jul, 11",201707
20170712,07/12/2017,FY2018,FY2018 Q1,2017 Jul,"2017 Jul, 12",201707
20170713,07/13/2017,FY2018,FY2018 Q1,2017 Jul,"2017 Jul, 13",201707
20170714,07/14/2017,FY2018,FY2018 Q1,2017 Jul,"2017 Jul, 14",201707
20170715,07/15/2017,FY2018,FY2018 Q1,2017 Jul,"2017 Jul, 15",201707
20170716,07/16/2017,FY2018,FY2018 Q1,2017 Jul,"2017 Jul, 16",201707
20170717,07/17/2017,FY2018,FY2018 Q1,2017 Jul,"2017 Jul, 17",201707
20170718,07/18/2017,FY2018,FY2018 Q1,2017 Jul,"2017 Jul, 18",201707
20170719,07/19/2017,FY2018,FY2018 Q1,2017 Jul,"2017 Jul, 19",201707
20170720,07/20/2017,FY2018,FY2018 Q1,2017 Jul,"2017 Jul, 20",201707
20170721,07/21/2017,FY2018,FY2018 Q1,2017 Jul,"2017 Jul, 21",201707
20170722,07/22/2017,FY2018,FY2018 Q1,2017 Jul,"2017 Jul, 22",201707
20170723,07/23/2017,FY2018,FY2018 Q1,2017 Jul,"2017 Jul, 23",201707
20170724,07/24/2017,FY2018,FY2018 Q1,2017 Jul,"2017 Jul, 24",201707
20170725,07/25/2017,FY2018,FY2018 Q1,2017 Jul,"2017 Jul, 25",201707
20170726,07/26/2017,FY2018,FY2018 Q1,2017 Jul,"2017 Jul, 26",201707
20170727,07/27/2017,FY2018,FY2018 Q1,2017 Jul,"2017 Jul, 27",201707
20170728,07/28/2017,FY2018,FY2018 Q1,2017 Jul,"2017 Jul, 28",201707
20170729,07/29/2017,FY2018,FY2018 Q1,2017 Jul,"2017 Jul, 29",201707
20170730,07/30/2017,FY2018,FY2018 Q1,2017 Jul,"2017 Jul, 30",201707
20170731,07/31/2017,FY2018,FY2018 Q1,2017 Jul,"2017 Jul, 31",201707
20170801,08/01/2017,FY2018,FY2018 Q1,2017 Aug,"2017 Aug, 01",201708
20170802,08/02/2017,FY2018,FY2018 Q1,2017 Aug,"2017 Aug, 02",201708
20170803,08/03/2017,FY2018,FY2018 Q1,2017 Aug,"2017 Aug, 03",201708
20170804,08/04/2017,FY2018,FY2018 Q1,2017 Aug,"2017 Aug, 04",201708
20170805,08/05/2017,FY2018,FY2018 Q1,2017 Aug,"2017 Aug, 05",201708
20170806,08/06/2017,FY2018,FY2018 Q1,2017 Aug,"2017 Aug, 06",201708
20170807,08/07/2017,FY2018,FY2018 Q1,2017 Aug,"2017 Aug, 07",201708
20170808,08/08/2017,FY2018,FY2018 Q1,2017 Aug,"2017 Aug, 08",201708
20170809,08/09/2017,FY2018,FY2018 Q1,2017 Aug,"2017 Aug, 09",201708
20170810,08/10/2017,FY2018,FY2018 Q1,2017 Aug,"2017 Aug, 10",201708
20170811,08/11/2017,FY2018,FY2018 Q1,2017 Aug,"2017 Aug, 11",201708
20170812,08/12/2017,FY2018,FY2018 Q1,2017 Aug,"2017 Aug, 12",201708
20170813,08/13/2017,FY2018,FY2018 Q1,2017 Aug,"2017 Aug, 13",201708
20170814,08/14/2017,FY2018,FY2018 Q1,2017 Aug,"2017 Aug, 14",201708
20170815,08/15/2017,FY2018,FY2018 Q1,2017 Aug,"2017 Aug, 15",201708
20170816,08/16/2017,FY2018,FY2018 Q1,2017 Aug,"2017 Aug, 16",201708
20170817,08/17/2017,FY2018,FY2018 Q1,2017 Aug,"2017 Aug, 17",201708
20170818,08/18/2017,FY2018,FY2018 Q1,2017 Aug,"2017 Aug, 18",201708
20170819,08/19/2017,FY2018,FY2018 Q1,2017 Aug,"2017 Aug, 19",201708
20170820,08/20/2017,FY2018,FY2018 Q1,2017 Aug,"2017 Aug, 20",201708
20170821,08/21/2017,FY2018,FY2018 Q1,2017 Aug,"2017 Aug, 21",201708
20170822,08/22/2017,FY2018,FY2018 Q1,2017 Aug,"2017 Aug, 22",201708
20170823,08/23/2017,FY2018,FY2018 Q1,2017 Aug,"2017 Aug, 23",201708
20170824,08/24/2017,FY2018,FY2018 Q1,2017 Aug,"2017 Aug, 24",201708
20170825,08/25/2017,FY2018,FY2018 Q1,2017 Aug,"2017 Aug, 25",201708
20170826,08/26/2017,FY2018,FY2018 Q1,2017 Aug,"2017 Aug, 26",201708
20170827,08/27/2017,FY2018,FY2018 Q1,2017 Aug,"2017 Aug, 27",201708
20170828,08/28/2017,FY2018,FY2018 Q1,2017 Aug,"2017 Aug, 28",201708
20170829,08/29/2017,FY2018,FY2018 Q1,2017 Aug,"2017 Aug, 29",201708
20170830,08/30/2017,FY2018,FY2018 Q1,2017 Aug,"2017 Aug, 30",201708
20170831,08/31/2017,FY2018,FY2018 Q1,2017 Aug,"2017 Aug, 31",201708
20170901,09/01/2017,FY2018,FY2018 Q1,2017 Sep,"2017 Sep, 01",201709
20170902,09/02/2017,FY2018,FY2018 Q1,2017 Sep,"2017 Sep, 02",201709
20170903,09/03/2017,FY2018,FY2018 Q1,2017 Sep,"2017 Sep, 03",201709
20170904,09/04/2017,FY2018,FY2018 Q1,2017 Sep,"2017 Sep, 04",201709
20170905,09/05/2017,FY2018,FY2018 Q1,2017 Sep,"2017 Sep, 05",201709
20170906,09/06/2017,FY2018,FY2018 Q1,2017 Sep,"2017 Sep, 06",201709
20170907,09/07/2017,FY2018,FY2018 Q1,2017 Sep,"2017 Sep, 07",201709
20170908,09/08/2017,FY2018,FY2018 Q1,2017 Sep,"2017 Sep, 08",201709
20170909,09/09/2017,FY2018,FY2018 Q1,2017 Sep,"2017 Sep, 09",201709
20170910,09/10/2017,FY2018,FY2018 Q1,2017 Sep,"2017 Sep, 10",201709
20170911,09/11/2017,FY2018,FY2018 Q1,2017 Sep,"2017 Sep, 11",201709
20170912,09/12/2017,FY2018,FY2018 Q1,2017 Sep,"2017 Sep, 12",201709
20170913,09/13/2017,FY2018,FY2018 Q1,2017 Sep,"2017 Sep, 13",201709
20170914,09/14/2017,FY2018,FY2018 Q1,2017 Sep,"2017 Sep, 14",201709
20170915,09/15/2017,FY2018,FY2018 Q1,2017 Sep,"2017 Sep, 15",201709
20170916,09/16/2017,FY2018,FY2018 Q1,2017 Sep,"2017 Sep, 16",201709
20170917,09/17/2017,FY2018,FY2018 Q1,2017 Sep,"2017 Sep, 17",201709
20170918,09/18/2017,FY2018,FY2018 Q1,2017 Sep,"2017 Sep, 18",201709
20170919,09/19/2017,FY2018,FY2018 Q1,2017 Sep,"2017 Sep, 19",201709
20170920,09/20/2017,FY2018,FY2018 Q1,2017 Sep,"2017 Sep, 20",201709
20170921,09/21/2017,FY2018,FY2018 Q1,2017 Sep,"2017 Sep, 21",201709
20170922,09/22/2017,FY2018,FY2018 Q1,2017 Sep,"2017 Sep, 22",201709
20170923,09/23/2017,FY2018,FY2018 Q1,2017 Sep,"2017 Sep, 23",201709
20170924,09/24/2017,FY2018,FY2018 Q1,2017 Sep,"2017 Sep, 24",201709
20170925,09/25/2017,FY2018,FY2018 Q1,2017 Sep,"2017 Sep, 25",201709
20170926,09/26/2017,FY2018,FY2018 Q1,2017 Sep,"2017 Sep, 26",201709
20170927,09/27/2017,FY2018,FY2018 Q1,2017 Sep,"2017 Sep, 27",201709
20170928,09/28/2017,FY2018,FY2018 Q1,2017 Sep,"2017 Sep, 28",201709
20170929,09/29/2017,FY2018,FY2018 Q1,2017 Sep,"2017 Sep, 29",201709
20170930,09/30/2017,FY2018,FY2018 Q1,2017 Sep,"2017 Sep, 30",201709
20171001,10/01/2017,FY2018,FY2018 Q2,2017 Oct,"2017 Oct, 01",201710
20171002,10/02/2017,FY2018,FY2018 Q2,2017 Oct,"2017 Oct, 02",201710
20171003,10/03/2017,FY2018,FY2018 Q2,2017 Oct,"2017 Oct, 03",201710
20171004,10/04/2017,FY2018,FY2018 Q2,2017 Oct,"2017 Oct, 04",201710
20171005,10/05/2017,FY2018,FY2018 Q2,2017 Oct,"2017 Oct, 05",201710
20171006,10/06/2017,FY2018,FY2018 Q2,2017 Oct,"2017 Oct, 06",201710
20171007,10/07/2017,FY2018,FY2018 Q2,2017 Oct,"2017 Oct, 07",201710
20171008,10/08/2017,FY2018,FY2018 Q2,2017 Oct,"2017 Oct, 08",201710
20171009,10/09/2017,FY2018,FY2018 Q2,2017 Oct,"2017 Oct, 09",201710
20171010,10/10/2017,FY2018,FY2018 Q2,2017 Oct,"2017 Oct, 10",201710
20171011,10/11/2017,FY2018,FY2018 Q2,2017 Oct,"2017 Oct, 11",201710
20171012,10/12/2017,FY2018,FY2018 Q2,2017 Oct,"2017 Oct, 12",201710
20171013,10/13/2017,FY2018,FY2018 Q2,2017 Oct,"2017 Oct, 13",201710
20171014,10/14/2017,FY2018,FY2018 Q2,2017 Oct,"2017 Oct, 14",201710
20171015,10/15/2017,FY2018,FY2018 Q2,2017 Oct,"2017 Oct, 15",201710
20171016,10/16/2017,FY2018,FY2018 Q2,2017 Oct,"2017 Oct, 16",201710
20171017,10/17/2017,FY2018,FY2018 Q2,2017 Oct,"2017 Oct, 17",201710
20171018,10/18/2017,FY2018,FY2018 Q2,2017 Oct,"2017 Oct, 18",201710
20171019,10/19/2017,FY2018,FY2018 Q2,2017 Oct,"2017 Oct, 19",201710
20171020,10/20/2017,FY2018,FY2018 Q2,2017 Oct,"2017 Oct, 20",201710
20171021,10/21/2017,FY2018,FY2018 Q2,2017 Oct,"2017 Oct, 21",201710
20171022,10/22/2017,FY2018,FY2018 Q2,2017 Oct,"2017 Oct, 22",201710
20171023,10/23/2017,FY2018,FY2018 Q2,2017 Oct,"2017 Oct, 23",201710
20171024,10/24/2017,FY2018,FY2018 Q2,2017 Oct,"2017 Oct, 24",201710
20171025,10/25/2017,FY2018,FY2018 Q2,2017 Oct,"2017 Oct, 25",201710
20171026,10/26/2017,FY2018,FY2018 Q2,2017 Oct,"2017 Oct, 26",201710
20171027,10/27/2017,FY2018,FY2018 Q2,2017 Oct,"2017 Oct, 27",201710
20171028,10/28/2017,FY2018,FY2018 Q2,2017 Oct,"2017 Oct, 28",201710
20171029,10/29/2017,FY2018,FY2018 Q2,2017 Oct,"2017 Oct, 29",201710
20171030,10/30/2017,FY2018,FY2018 Q2,2017 Oct,"2017 Oct, 30",201710
20171031,10/31/2017,FY2018,FY2018 Q2,2017 Oct,"2017 Oct, 31",201710
20171101,11/01/2017,FY2018,FY2018 Q2,2017 Nov,"2017 Nov, 01",201711
20171102,11/02/2017,FY2018,FY2018 Q2,2017 Nov,"2017 Nov, 02",201711
20171103,11/03/2017,FY2018,FY2018 Q2,2017 Nov,"2017 Nov, 03",201711
20171104,11/04/2017,FY2018,FY2018 Q2,2017 Nov,"2017 Nov, 04",201711
20171105,11/05/2017,FY2018,FY2018 Q2,2017 Nov,"2017 Nov, 05",201711
20171106,11/06/2017,FY2018,FY2018 Q2,2017 Nov,"2017 Nov, 06",201711
20171107,11/07/2017,FY2018,FY2018 Q2,2017 Nov,"2017 Nov, 07",201711
20171108,11/08/2017,FY2018,FY2018 Q2,2017 Nov,"2017 Nov, 08",201711
20171109,11/09/2017,FY2018,FY2018 Q2,2017 Nov,"2017 Nov, 09",201711
20171110,11/10/2017,FY2018,FY2018 Q2,2017 Nov,"2017 Nov, 10",201711
20171111,11/11/2017,FY2018,FY2018 Q2,2017 Nov,"2017 Nov, 11",201711
20171112,11/12/2017,FY2018,FY2018 Q2,2017 Nov,"2017 Nov, 12",201711
20171113,11/13/2017,FY2018,FY2018 Q2,2017 Nov,"2017 Nov, 13",201711
20171114,11/14/2017,FY2018,FY2018 Q2,2017 Nov,"2017 Nov, 14",201711
20171115,11/15/2017,FY2018,FY2018 Q2,2017 Nov,"2017 Nov, 15",201711
20171116,11/16/2017,FY2018,FY2018 Q2,2017 Nov,"2017 Nov, 16",201711
20171117,11/17/2017,FY2018,FY2018 Q2,2017 Nov,"2017 Nov, 17",201711
20171118,11/18/2017,FY2018,FY2018 Q2,2017 Nov,"2017 Nov, 18",201711
20171119,11/19/2017,FY2018,FY2018 Q2,2017 Nov,"2017 Nov, 19",201711
20171120,11/20/2017,FY2018,FY2018 Q2,2017 Nov,"2017 Nov, 20",201711
20171121,11/21/2017,FY2018,FY2018 Q2,2017 Nov,"2017 Nov, 21",201711
20171122,11/22/2017,FY2018,FY2018 Q2,2017 Nov,"2017 Nov, 22",201711
20171123,11/23/2017,FY2018,FY2018 Q2,2017 Nov,"2017 Nov, 23",201711
20171124,11/24/2017,FY2018,FY2018 Q2,2017 Nov,"2017 Nov, 24",201711
20171125,11/25/2017,FY2018,FY2018 Q2,2017 Nov,"2017 Nov, 25",201711
20171126,11/26/2017,FY2018,FY2018 Q2,2017 Nov,"2017 Nov, 26",201711
20171127,11/27/2017,FY2018,FY2018 Q2,2017 Nov,"2017 Nov, 27",201711
20171128,11/28/2017,FY2018,FY2018 Q2,2017 Nov,"2017 Nov, 28",201711
20171129,11/29/2017,FY2018,FY2018 Q2,2017 Nov,"2017 Nov, 29",201711
20171130,11/30/2017,FY2018,FY2018 Q2,2017 Nov,"2017 Nov, 30",201711
20171201,12/01/2017,FY2018,FY2018 Q2,2017 Dec,"2017 Dec, 01",201712
20171202,12/02/2017,FY2018,FY2018 Q2,2017 Dec,"2017 Dec, 02",201712
20171203,12/03/2017,FY2018,FY2018 Q2,2017 Dec,"2017 Dec, 03",201712
20171204,12/04/2017,FY2018,FY2018 Q2,2017 Dec,"2017 Dec, 04",201712
20171205,12/05/2017,FY2018,FY2018 Q2,2017 Dec,"2017 Dec, 05",201712
20171206,12/06/2017,FY2018,FY2018 Q2,2017 Dec,"2017 Dec, 06",201712
20171207,12/07/2017,FY2018,FY2018 Q2,2017 Dec,"2017 Dec, 07",201712
20171208,12/08/2017,FY2018,FY2018 Q2,2017 Dec,"2017 Dec, 08",201712
20171209,12/09/2017,FY2018,FY2018 Q2,2017 Dec,"2017 Dec, 09",201712
20171210,12/10/2017,FY2018,FY2018 Q2,2017 Dec,"2017 Dec, 10",201712
20171211,12/11/2017,FY2018,FY2018 Q2,2017 Dec,"2017 Dec, 11",201712
20171212,12/12/2017,FY2018,FY2018 Q2,2017 Dec,"2017 Dec, 12",201712
20171213,12/13/2017,FY2018,FY2018 Q2,2017 Dec,"2017 Dec, 13",201712
20171214,12/14/2017,FY2018,FY2018 Q2,2017 Dec,"2017 Dec, 14",201712
20171215,12/15/2017,FY2018,FY2018 Q2,2017 Dec,"2017 Dec, 15",201712
20171216,12/16/2017,FY2018,FY2018 Q2,2017 Dec,"2017 Dec, 16",201712
20171217,12/17/2017,FY2018,FY2018 Q2,2017 Dec,"2017 Dec, 17",201712
20171218,12/18/2017,FY2018,FY2018 Q2,2017 Dec,"2017 Dec, 18",201712
20171219,12/19/2017,FY2018,FY2018 Q2,2017 Dec,"2017 Dec, 19",201712
20171220,12/20/2017,FY2018,FY2018 Q2,2017 Dec,"2017 Dec, 20",201712
20171221,12/21/2017,FY2018,FY2018 Q2,2017 Dec,"2017 Dec, 21",201712
20171222,12/22/2017,FY2018,FY2018 Q2,2017 Dec,"2017 Dec, 22",201712
20171223,12/23/2017,FY2018,FY2018 Q2,2017 Dec,"2017 Dec, 23",201712
20171224,12/24/2017,FY2018,FY2018 Q2,2017 Dec,"2017 Dec, 24",201712
20171225,12/25/2017,FY2018,FY2018 Q2,2017 Dec,"2017 Dec, 25",201712
20171226,12/26/2017,FY2018,FY2018 Q2,2017 Dec,"2017 Dec, 26",201712
20171227,12/27/2017,FY2018,FY2018 Q2,2017 Dec,"2017 Dec, 27",201712
20171228,12/28/2017,FY2018,FY2018 Q2,2017 Dec,"2017 Dec, 28",201712
20171229,12/29/2017,FY2018,FY2018 Q2,2017 Dec,"2017 Dec, 29",201712
20171230,12/30/2017,FY2018,FY2018 Q2,2017 Dec,"2017 Dec, 30",201712
20171231,12/31/2017,FY2018,FY2018 Q2,2017 Dec,"2017 Dec, 31",201712
20180101,01/01/2018,FY2018,FY2018 Q3,2018 Jan,"2018 Jan, 01",201801
20180102,01/02/2018,FY2018,FY2018 Q3,2018 Jan,"2018 Jan, 02",201801
20180103,01/03/2018,FY2018,FY2018 Q3,2018 Jan,"2018 Jan, 03",201801
20180104,01/04/2018,FY2018,FY2018 Q3,2018 Jan,"2018 Jan, 04",201801
20180105,01/05/2018,FY2018,FY2018 Q3,2018 Jan,"2018 Jan, 05",201801
20180106,01/06/2018,FY2018,FY2018 Q3,2018 Jan,"2018 Jan, 06",201801
20180107,01/07/2018,FY2018,FY2018 Q3,2018 Jan,"2018 Jan, 07",201801
20180108,01/08/2018,FY2018,FY2018 Q3,2018 Jan,"2018 Jan, 08",201801
20180109,01/09/2018,FY2018,FY2018 Q3,2018 Jan,"2018 Jan, 09",201801
20180110,01/10/2018,FY2018,FY2018 Q3,2018 Jan,"2018 Jan, 10",201801
20180111,01/11/2018,FY2018,FY2018 Q3,2018 Jan,"2018 Jan, 11",201801
20180112,01/12/2018,FY2018,FY2018 Q3,2018 Jan,"2018 Jan, 12",201801
20180113,01/13/2018,FY2018,FY2018 Q3,2018 Jan,"2018 Jan, 13",201801
20180114,01/14/2018,FY2018,FY2018 Q3,2018 Jan,"2018 Jan, 14",201801
20180115,01/15/2018,FY2018,FY2018 Q3,2018 Jan,"2018 Jan, 15",201801
20180116,01/16/2018,FY2018,FY2018 Q3,2018 Jan,"2018 Jan, 16",201801
20180117,01/17/2018,FY2018,FY2018 Q3,2018 Jan,"2018 Jan, 17",201801
20180118,01/18/2018,FY2018,FY2018 Q3,2018 Jan,"2018 Jan, 18",201801
20180119,01/19/2018,FY2018,FY2018 Q3,2018 Jan,"2018 Jan, 19",201801
20180120,01/20/2018,FY2018,FY2018 Q3,2018 Jan,"2018 Jan, 20",201801
20180121,01/21/2018,FY2018,FY2018 Q3,2018 Jan,"2018 Jan, 21",201801
20180122,01/22/2018,FY2018,FY2018 Q3,2018 Jan,"2018 Jan, 22",201801
20180123,01/23/2018,FY2018,FY2018 Q3,2018 Jan,"2018 Jan, 23",201801
20180124,01/24/2018,FY2018,FY2018 Q3,2018 Jan,"2018 Jan, 24",201801
20180125,01/25/2018,FY2018,FY2018 Q3,2018 Jan,"2018 Jan, 25",201801
20180126,01/26/2018,FY2018,FY2018 Q3,2018 Jan,"2018 Jan, 26",201801
20180127,01/27/2018,FY2018,FY2018 Q3,2018 Jan,"2018 Jan, 27",201801
20180128,01/28/2018,FY2018,FY2018 Q3,2018 Jan,"2018 Jan, 28",201801
20180129,01/29/2018,FY2018,FY2018 Q3,2018 Jan,"2018 Jan, 29",201801
20180130,01/30/2018,FY2018,FY2018 Q3,2018 Jan,"2018 Jan, 30",201801
20180131,01/31/2018,FY2018,FY2018 Q3,2018 Jan,"2018 Jan, 31",201801
20180201,02/01/2018,FY2018,FY2018 Q3,2018 Feb,"2018 Feb, 01",201802
20180202,02/02/2018,FY2018,FY2018 Q3,2018 Feb,"2018 Feb, 02",201802
20180203,02/03/2018,FY2018,FY2018 Q3,2018 Feb,"2018 Feb, 03",201802
20180204,02/04/2018,FY2018,FY2018 Q3,2018 Feb,"2018 Feb, 04",201802
20180205,02/05/2018,FY2018,FY2018 Q3,2018 Feb,"2018 Feb, 05",201802
20180206,02/06/2018,FY2018,FY2018 Q3,2018 Feb,"2018 Feb, 06",201802
20180207,02/07/2018,FY2018,FY2018 Q3,2018 Feb,"2018 Feb, 07",201802
20180208,02/08/2018,FY2018,FY2018 Q3,2018 Feb,"2018 Feb, 08",201802
20180209,02/09/2018,FY2018,FY2018 Q3,2018 Feb,"2018 Feb, 09",201802
20180210,02/10/2018,FY2018,FY2018 Q3,2018 Feb,"2018 Feb, 10",201802
20180211,02/11/2018,FY2018,FY2018 Q3,2018 Feb,"2018 Feb, 11",201802
20180212,02/12/2018,FY2018,FY2018 Q3,2018 Feb,"2018 Feb, 12",201802
20180213,02/13/2018,FY2018,FY2018 Q3,2018 Feb,"2018 Feb, 13",201802
20180214,02/14/2018,FY2018,FY2018 Q3,2018 Feb,"2018 Feb, 14",201802
20180215,02/15/2018,FY2018,FY2018 Q3,2018 Feb,"2018 Feb, 15",201802
20180216,02/16/2018,FY2018,FY2018 Q3,2018 Feb,"2018 Feb, 16",201802
20180217,02/17/2018,FY2018,FY2018 Q3,2018 Feb,"2018 Feb, 17",201802
20180218,02/18/2018,FY2018,FY2018 Q3,2018 Feb,"2018 Feb, 18",201802
20180219,02/19/2018,FY2018,FY2018 Q3,2018 Feb,"2018 Feb, 19",201802
20180220,02/20/2018,FY2018,FY2018 Q3,2018 Feb,"2018 Feb, 20",201802
20180221,02/21/2018,FY2018,FY2018 Q3,2018 Feb,"2018 Feb, 21",201802
20180222,02/22/2018,FY2018,FY2018 Q3,2018 Feb,"2018 Feb, 22",201802
20180223,02/23/2018,FY2018,FY2018 Q3,2018 Feb,"2018 Feb, 23",201802
20180224,02/24/2018,FY2018,FY2018 Q3,2018 Feb,"2018 Feb, 24",201802
20180225,02/25/2018,FY2018,FY2018 Q3,2018 Feb,"2018 Feb, 25",201802
20180226,02/26/2018,FY2018,FY2018 Q3,2018 Feb,"2018 Feb, 26",201802
20180227,02/27/2018,FY2018,FY2018 Q3,2018 Feb,"2018 Feb, 27",201802
20180228,02/28/2018,FY2018,FY2018 Q3,2018 Feb,"2018 Feb, 28",201802
20180301,03/01/2018,FY2018,FY2018 Q3,2018 Mar,"2018 Mar, 01",201803
20180302,03/02/2018,FY2018,FY2018 Q3,2018 Mar,"2018 Mar, 02",201803
20180303,03/03/2018,FY2018,FY2018 Q3,2018 Mar,"2018 Mar, 03",201803
20180304,03/04/2018,FY2018,FY2018 Q3,2018 Mar,"2018 Mar, 04",201803
20180305,03/05/2018,FY2018,FY2018 Q3,2018 Mar,"2018 Mar, 05",201803
20180306,03/06/2018,FY2018,FY2018 Q3,2018 Mar,"2018 Mar, 06",201803
20180307,03/07/2018,FY2018,FY2018 Q3,2018 Mar,"2018 Mar, 07",201803
20180308,03/08/2018,FY2018,FY2018 Q3,2018 Mar,"2018 Mar, 08",201803
20180309,03/09/2018,FY2018,FY2018 Q3,2018 Mar,"2018 Mar, 09",201803
20180310,03/10/2018,FY2018,FY2018 Q3,2018 Mar,"2018 Mar, 10",201803
20180311,03/11/2018,FY2018,FY2018 Q3,2018 Mar,"2018 Mar, 11",201803
20180312,03/12/2018,FY2018,FY2018 Q3,2018 Mar,"2018 Mar, 12",201803
20180313,03/13/2018,FY2018,FY2018 Q3,2018 Mar,"2018 Mar, 13",201803
20180314,03/14/2018,FY2018,FY2018 Q3,2018 Mar,"2018 Mar, 14",201803
20180315,03/15/2018,FY2018,FY2018 Q3,2018 Mar,"2018 Mar, 15",201803
20180316,03/16/2018,FY2018,FY2018 Q3,2018 Mar,"2018 Mar, 16",201803
20180317,03/17/2018,FY2018,FY2018 Q3,2018 Mar,"2018 Mar, 17",201803
20180318,03/18/2018,FY2018,FY2018 Q3,2018 Mar,"2018 Mar, 18",201803
20180319,03/19/2018,FY2018,FY2018 Q3,2018 Mar,"2018 Mar, 19",201803
20180320,03/20/2018,FY2018,FY2018 Q3,2018 Mar,"2018 Mar, 20",201803
20180321,03/21/2018,FY2018,FY2018 Q3,2018 Mar,"2018 Mar, 21",201803
20180322,03/22/2018,FY2018,FY2018 Q3,2018 Mar,"2018 Mar, 22",201803
20180323,03/23/2018,FY2018,FY2018 Q3,2018 Mar,"2018 Mar, 23",201803
20180324,03/24/2018,FY2018,FY2018 Q3,2018 Mar,"2018 Mar, 24",201803
20180325,03/25/2018,FY2018,FY2018 Q3,2018 Mar,"2018 Mar, 25",201803
20180326,03/26/2018,FY2018,FY2018 Q3,2018 Mar,"2018 Mar, 26",201803
20180327,03/27/2018,FY2018,FY2018 Q3,2018 Mar,"2018 Mar, 27",201803
20180328,03/28/2018,FY2018,FY2018 Q3,2018 Mar,"2018 Mar, 28",201803
20180329,03/29/2018,FY2018,FY2018 Q3,2018 Mar,"2018 Mar, 29",201803
20180330,03/30/2018,FY2018,FY2018 Q3,2018 Mar,"2018 Mar, 30",201803
20180331,03/31/2018,FY2018,FY2018 Q3,2018 Mar,"2018 Mar, 31",201803
20180401,04/01/2018,FY2018,FY2018 Q4,2018 Apr,"2018 Apr, 01",201804
20180402,04/02/2018,FY2018,FY2018 Q4,2018 Apr,"2018 Apr, 02",201804
20180403,04/03/2018,FY2018,FY2018 Q4,2018 Apr,"2018 Apr, 03",201804
20180404,04/04/2018,FY2018,FY2018 Q4,2018 Apr,"2018 Apr, 04",201804
20180405,04/05/2018,FY2018,FY2018 Q4,2018 Apr,"2018 Apr, 05",201804
20180406,04/06/2018,FY2018,FY2018 Q4,2018 Apr,"2018 Apr, 06",201804
20180407,04/07/2018,FY2018,FY2018 Q4,2018 Apr,"2018 Apr, 07",201804
20180408,04/08/2018,FY2018,FY2018 Q4,2018 Apr,"2018 Apr, 08",201804
20180409,04/09/2018,FY2018,FY2018 Q4,2018 Apr,"2018 Apr, 09",201804
20180410,04/10/2018,FY2018,FY2018 Q4,2018 Apr,"2018 Apr, 10",201804
20180411,04/11/2018,FY2018,FY2018 Q4,2018 Apr,"2018 Apr, 11",201804
20180412,04/12/2018,FY2018,FY2018 Q4,2018 Apr,"2018 Apr, 12",201804
20180413,04/13/2018,FY2018,FY2018 Q4,2018 Apr,"2018 Apr, 13",201804
20180414,04/14/2018,FY2018,FY2018 Q4,2018 Apr,"2018 Apr, 14",201804
20180415,04/15/2018,FY2018,FY2018 Q4,2018 Apr,"2018 Apr, 15",201804
20180416,04/16/2018,FY2018,FY2018 Q4,2018 Apr,"2018 Apr, 16",201804
20180417,04/17/2018,FY2018,FY2018 Q4,2018 Apr,"2018 Apr, 17",201804
20180418,04/18/2018,FY2018,FY2018 Q4,2018 Apr,"2018 Apr, 18",201804
20180419,04/19/2018,FY2018,FY2018 Q4,2018 Apr,"2018 Apr, 19",201804
20180420,04/20/2018,FY2018,FY2018 Q4,2018 Apr,"2018 Apr, 20",201804
20180421,04/21/2018,FY2018,FY2018 Q4,2018 Apr,"2018 Apr, 21",201804
20180422,04/22/2018,FY2018,FY2018 Q4,2018 Apr,"2018 Apr, 22",201804
20180423,04/23/2018,FY2018,FY2018 Q4,2018 Apr,"2018 Apr, 23",201804
20180424,04/24/2018,FY2018,FY2018 Q4,2018 Apr,"2018 Apr, 24",201804
20180425,04/25/2018,FY2018,FY2018 Q4,2018 Apr,"2018 Apr, 25",201804
20180426,04/26/2018,FY2018,FY2018 Q4,2018 Apr,"2018 Apr, 26",201804
20180427,04/27/2018,FY2018,FY2018 Q4,2018 Apr,"2018 Apr, 27",201804
20180428,04/28/2018,FY2018,FY2018 Q4,2018 Apr,"2018 Apr, 28",201804
20180429,04/29/2018,FY2018,FY2018 Q4,2018 Apr,"2018 Apr, 29",201804
20180430,04/30/2018,FY2018,FY2018 Q4,2018 Apr,"2018 Apr, 30",201804
20180501,05/01/2018,FY2018,FY2018 Q4,2018 May,"2018 May, 01",201805
20180502,05/02/2018,FY2018,FY2018 Q4,2018 May,"2018 May, 02",201805
20180503,05/03/2018,FY2018,FY2018 Q4,2018 May,"2018 May, 03",201805
20180504,05/04/2018,FY2018,FY2018 Q4,2018 May,"2018 May, 04",201805
20180505,05/05/2018,FY2018,FY2018 Q4,2018 May,"2018 May, 05",201805
20180506,05/06/2018,FY2018,FY2018 Q4,2018 May,"2018 May, 06",201805
20180507,05/07/2018,FY2018,FY2018 Q4,2018 May,"2018 May, 07",201805
20180508,05/08/2018,FY2018,FY2018 Q4,2018 May,"2018 May, 08",201805
20180509,05/09/2018,FY2018,FY2018 Q4,2018 May,"2018 May, 09",201805
20180510,05/10/2018,FY2018,FY2018 Q4,2018 May,"2018 May, 10",201805
20180511,05/11/2018,FY2018,FY2018 Q4,2018 May,"2018 May, 11",201805
20180512,05/12/2018,FY2018,FY2018 Q4,2018 May,"2018 May, 12",201805
20180513,05/13/2018,FY2018,FY2018 Q4,2018 May,"2018 May, 13",201805
20180514,05/14/2018,FY2018,FY2018 Q4,2018 May,"2018 May, 14",201805
20180515,05/15/2018,FY2018,FY2018 Q4,2018 May,"2018 May, 15",201805
20180516,05/16/2018,FY2018,FY2018 Q4,2018 May,"2018 May, 16",201805
20180517,05/17/2018,FY2018,FY2018 Q4,2018 May,"2018 May, 17",201805
20180518,05/18/2018,FY2018,FY2018 Q4,2018 May,"2018 May, 18",201805
20180519,05/19/2018,FY2018,FY2018 Q4,2018 May,"2018 May, 19",201805
20180520,05/20/2018,FY2018,FY2018 Q4,2018 May,"2018 May, 20",201805
20180521,05/21/2018,FY2018,FY2018 Q4,2018 May,"2018 May, 21",201805
20180522,05/22/2018,FY2018,FY2018 Q4,2018 May,"2018 May, 22",201805
20180523,05/23/2018,FY2018,FY2018 Q4,2018 May,"2018 May, 23",201805
20180524,05/24/2018,FY2018,FY2018 Q4,2018 May,"2018 May, 24",201805
20180525,05/25/2018,FY2018,FY2018 Q4,2018 May,"2018 May, 25",201805
20180526,05/26/2018,FY2018,FY2018 Q4,2018 May,"2018 May, 26",201805
20180527,05/27/2018,FY2018,FY2018 Q4,2018 May,"2018 May, 27",201805
20180528,05/28/2018,FY2018,FY2018 Q4,2018 May,"2018 May, 28",201805
20180529,05/29/2018,FY2018,FY2018 Q4,2018 May,"2018 May, 29",201805
20180530,05/30/2018,FY2018,FY2018 Q4,2018 May,"2018 May, 30",201805
20180531,05/31/2018,FY2018,FY2018 Q4,2018 May,"2018 May, 31",201805
20180601,06/01/2018,FY2018,FY2018 Q4,2018 Jun,"2018 Jun, 01",201806
20180602,06/02/2018,FY2018,FY2018 Q4,2018 Jun,"2018 Jun, 02",201806
20180603,06/03/2018,FY2018,FY2018 Q4,2018 Jun,"2018 Jun, 03",201806
20180604,06/04/2018,FY2018,FY2018 Q4,2018 Jun,"2018 Jun, 04",201806
20180605,06/05/2018,FY2018,FY2018 Q4,2018 Jun,"2018 Jun, 05",201806
20180606,06/06/2018,FY2018,FY2018 Q4,2018 Jun,"2018 Jun, 06",201806
20180607,06/07/2018,FY2018,FY2018 Q4,2018 Jun,"2018 Jun, 07",201806
20180608,06/08/2018,FY2018,FY2018 Q4,2018 Jun,"2018 Jun, 08",201806
20180609,06/09/2018,FY2018,FY2018 Q4,2018 Jun,"2018 Jun, 09",201806
20180610,06/10/2018,FY2018,FY2018 Q4,2018 Jun,"2018 Jun, 10",201806
20180611,06/11/2018,FY2018,FY2018 Q4,2018 Jun,"2018 Jun, 11",201806
20180612,06/12/2018,FY2018,FY2018 Q4,2018 Jun,"2018 Jun, 12",201806
20180613,06/13/2018,FY2018,FY2018 Q4,2018 Jun,"2018 Jun, 13",201806
20180614,06/14/2018,FY2018,FY2018 Q4,2018 Jun,"2018 Jun, 14",201806
20180615,06/15/2018,FY2018,FY2018 Q4,2018 Jun,"2018 Jun, 15",201806
20180616,06/16/2018,FY2018,FY2018 Q4,2018 Jun,"2018 Jun, 16",201806
20180617,06/17/2018,FY2018,FY2018 Q4,2018 Jun,"2018 Jun, 17",201806
20180618,06/18/2018,FY2018,FY2018 Q4,2018 Jun,"2018 Jun, 18",201806
20180619,06/19/2018,FY2018,FY2018 Q4,2018 Jun,"2018 Jun, 19",201806
20180620,06/20/2018,FY2018,FY2018 Q4,2018 Jun,"2018 Jun, 20",201806
20180621,06/21/2018,FY2018,FY2018 Q4,2018 Jun,"2018 Jun, 21",201806
20180622,06/22/2018,FY2018,FY2018 Q4,2018 Jun,"2018 Jun, 22",201806
20180623,06/23/2018,FY2018,FY2018 Q4,2018 Jun,"2018 Jun, 23",201806
20180624,06/24/2018,FY2018,FY2018 Q4,2018 Jun,"2018 Jun, 24",201806
20180625,06/25/2018,FY2018,FY2018 Q4,2018 Jun,"2018 Jun, 25",201806
20180626,06/26/2018,FY2018,FY2018 Q4,2018 Jun,"2018 Jun, 26",201806
20180627,06/27/2018,FY2018,FY2018 Q4,2018 Jun,"2018 Jun, 27",201806
20180628,06/28/2018,FY2018,FY2018 Q4,2018 Jun,"2018 Jun, 28",201806
20180629,06/29/2018,FY2018,FY2018 Q4,2018 Jun,"2018 Jun, 29",201806
20180630,06/30/2018,FY2018,FY2018 Q4,2018 Jun,"2018 Jun, 30",201806
20180701,07/01/2018,FY2019,FY2019 Q1,2018 Jul,"2018 Jul, 01",201807
20180702,07/02/2018,FY2019,FY2019 Q1,2018 Jul,"2018 Jul, 02",201807
20180703,07/03/2018,FY2019,FY2019 Q1,2018 Jul,"2018 Jul, 03",201807
20180704,07/04/2018,FY2019,FY2019 Q1,2018 Jul,"2018 Jul, 04",201807
20180705,07/05/2018,FY2019,FY2019 Q1,2018 Jul,"2018 Jul, 05",201807
20180706,07/06/2018,FY2019,FY2019 Q1,2018 Jul,"2018 Jul, 06",201807
20180707,07/07/2018,FY2019,FY2019 Q1,2018 Jul,"2018 Jul, 07",201807
20180708,07/08/2018,FY2019,FY2019 Q1,2018 Jul,"2018 Jul, 08",201807
20180709,07/09/2018,FY2019,FY2019 Q1,2018 Jul,"2018 Jul, 09",201807
20180710,07/10/2018,FY2019,FY2019 Q1,2018 Jul,"2018 Jul, 10",201807
20180711,07/11/2018,FY2019,FY2019 Q1,2018 Jul,"2018 Jul, 11",201807
20180712,07/12/2018,FY2019,FY2019 Q1,2018 Jul,"2018 Jul, 12",201807
20180713,07/13/2018,FY2019,FY2019 Q1,2018 Jul,"2018 Jul, 13",201807
20180714,07/14/2018,FY2019,FY2019 Q1,2018 Jul,"2018 Jul, 14",201807
20180715,07/15/2018,FY2019,FY2019 Q1,2018 Jul,"2018 Jul, 15",201807
20180716,07/16/2018,FY2019,FY2019 Q1,2018 Jul,"2018 Jul, 16",201807
20180717,07/17/2018,FY2019,FY2019 Q1,2018 Jul,"2018 Jul, 17",201807
20180718,07/18/2018,FY2019,FY2019 Q1,2018 Jul,"2018 Jul, 18",201807
20180719,07/19/2018,FY2019,FY2019 Q1,2018 Jul,"2018 Jul, 19",201807
20180720,07/20/2018,FY2019,FY2019 Q1,2018 Jul,"2018 Jul, 20",201807
20180721,07/21/2018,FY2019,FY2019 Q1,2018 Jul,"2018 Jul, 21",201807
20180722,07/22/2018,FY2019,FY2019 Q1,2018 Jul,"2018 Jul, 22",201807
20180723,07/23/2018,FY2019,FY2019 Q1,2018 Jul,"2018 Jul, 23",201807
20180724,07/24/2018,FY2019,FY2019 Q1,2018 Jul,"2018 Jul, 24",201807
20180725,07/25/2018,FY2019,FY2019 Q1,2018 Jul,"2018 Jul, 25",201807
20180726,07/26/2018,FY2019,FY2019 Q1,2018 Jul,"2018 Jul, 26",201807
20180727,07/27/2018,FY2019,FY2019 Q1,2018 Jul,"2018 Jul, 27",201807
20180728,07/28/2018,FY2019,FY2019 Q1,2018 Jul,"2018 Jul, 28",201807
20180729,07/29/2018,FY2019,FY2019 Q1,2018 Jul,"2018 Jul, 29",201807
20180730,07/30/2018,FY2019,FY2019 Q1,2018 Jul,"2018 Jul, 30",201807
20180731,07/31/2018,FY2019,FY2019 Q1,2018 Jul,"2018 Jul, 31",201807
20180801,08/01/2018,FY2019,FY2019 Q1,2018 Aug,"2018 Aug, 01",201808
20180802,08/02/2018,FY2019,FY2019 Q1,2018 Aug,"2018 Aug, 02",201808
20180803,08/03/2018,FY2019,FY2019 Q1,2018 Aug,"2018 Aug, 03",201808
20180804,08/04/2018,FY2019,FY2019 Q1,2018 Aug,"2018 Aug, 04",201808
20180805,08/05/2018,FY2019,FY2019 Q1,2018 Aug,"2018 Aug, 05",201808
20180806,08/06/2018,FY2019,FY2019 Q1,2018 Aug,"2018 Aug, 06",201808
20180807,08/07/2018,FY2019,FY2019 Q1,2018 Aug,"2018 Aug, 07",201808
20180808,08/08/2018,FY2019,FY2019 Q1,2018 Aug,"2018 Aug, 08",201808
20180809,08/09/2018,FY2019,FY2019 Q1,2018 Aug,"2018 Aug, 09",201808
20180810,08/10/2018,FY2019,FY2019 Q1,2018 Aug,"2018 Aug, 10",201808
20180811,08/11/2018,FY2019,FY2019 Q1,2018 Aug,"2018 Aug, 11",201808
20180812,08/12/2018,FY2019,FY2019 Q1,2018 Aug,"2018 Aug, 12",201808
20180813,08/13/2018,FY2019,FY2019 Q1,2018 Aug,"2018 Aug, 13",201808
20180814,08/14/2018,FY2019,FY2019 Q1,2018 Aug,"2018 Aug, 14",201808
20180815,08/15/2018,FY2019,FY2019 Q1,2018 Aug,"2018 Aug, 15",201808
20180816,08/16/2018,FY2019,FY2019 Q1,2018 Aug,"2018 Aug, 16",201808
20180817,08/17/2018,FY2019,FY2019 Q1,2018 Aug,"2018 Aug, 17",201808
20180818,08/18/2018,FY2019,FY2019 Q1,2018 Aug,"2018 Aug, 18",201808
20180819,08/19/2018,FY2019,FY2019 Q1,2018 Aug,"2018 Aug, 19",201808
20180820,08/20/2018,FY2019,FY2019 Q1,2018 Aug,"2018 Aug, 20",201808
20180821,08/21/2018,FY2019,FY2019 Q1,2018 Aug,"2018 Aug, 21",201808
20180822,08/22/2018,FY2019,FY2019 Q1,2018 Aug,"2018 Aug, 22",201808
20180823,08/23/2018,FY2019,FY2019 Q1,2018 Aug,"2018 Aug, 23",201808
20180824,08/24/2018,FY2019,FY2019 Q1,2018 Aug,"2018 Aug, 24",201808
20180825,08/25/2018,FY2019,FY2019 Q1,2018 Aug,"2018 Aug, 25",201808
20180826,08/26/2018,FY2019,FY2019 Q1,2018 Aug,"2018 Aug, 26",201808
20180827,08/27/2018,FY2019,FY2019 Q1,2018 Aug,"2018 Aug, 27",201808
20180828,08/28/2018,FY2019,FY2019 Q1,2018 Aug,"2018 Aug, 28",201808
20180829,08/29/2018,FY2019,FY2019 Q1,2018 Aug,"2018 Aug, 29",201808
20180830,08/30/2018,FY2019,FY2019 Q1,2018 Aug,"2018 Aug, 30",201808
20180831,08/31/2018,FY2019,FY2019 Q1,2018 Aug,"2018 Aug, 31",201808
20180901,09/01/2018,FY2019,FY2019 Q1,2018 Sep,"2018 Sep, 01",201809
20180902,09/02/2018,FY2019,FY2019 Q1,2018 Sep,"2018 Sep, 02",201809
20180903,09/03/2018,FY2019,FY2019 Q1,2018 Sep,"2018 Sep, 03",201809
20180904,09/04/2018,FY2019,FY2019 Q1,2018 Sep,"2018 Sep, 04",201809
20180905,09/05/2018,FY2019,FY2019 Q1,2018 Sep,"2018 Sep, 05",201809
20180906,09/06/2018,FY2019,FY2019 Q1,2018 Sep,"2018 Sep, 06",201809
20180907,09/07/2018,FY2019,FY2019 Q1,2018 Sep,"2018 Sep, 07",201809
20180908,09/08/2018,FY2019,FY2019 Q1,2018 Sep,"2018 Sep, 08",201809
20180909,09/09/2018,FY2019,FY2019 Q1,2018 Sep,"2018 Sep, 09",201809
20180910,09/10/2018,FY2019,FY2019 Q1,2018 Sep,"2018 Sep, 10",201809
20180911,09/11/2018,FY2019,FY2019 Q1,2018 Sep,"2018 Sep, 11",201809
20180912,09/12/2018,FY2019,FY2019 Q1,2018 Sep,"2018 Sep, 12",201809
20180913,09/13/2018,FY2019,FY2019 Q1,2018 Sep,"2018 Sep, 13",201809
20180914,09/14/2018,FY2019,FY2019 Q1,2018 Sep,"2018 Sep, 14",201809
20180915,09/15/2018,FY2019,FY2019 Q1,2018 Sep,"2018 Sep, 15",201809
20180916,09/16/2018,FY2019,FY2019 Q1,2018 Sep,"2018 Sep, 16",201809
20180917,09/17/2018,FY2019,FY2019 Q1,2018 Sep,"2018 Sep, 17",201809
20180918,09/18/2018,FY2019,FY2019 Q1,2018 Sep,"2018 Sep, 18",201809
20180919,09/19/2018,FY2019,FY2019 Q1,2018 Sep,"2018 Sep, 19",201809
20180920,09/20/2018,FY2019,FY2019 Q1,2018 Sep,"2018 Sep, 20",201809
20180921,09/21/2018,FY2019,FY2019 Q1,2018 Sep,"2018 Sep, 21",201809
20180922,09/22/2018,FY2019,FY2019 Q1,2018 Sep,"2018 Sep, 22",201809
20180923,09/23/2018,FY2019,FY2019 Q1,2018 Sep,"2018 Sep, 23",201809
20180924,09/24/2018,FY2019,FY2019 Q1,2018 Sep,"2018 Sep, 24",201809
20180925,09/25/2018,FY2019,FY2019 Q1,2018 Sep,"2018 Sep, 25",201809
20180926,09/26/2018,FY2019,FY2019 Q1,2018 Sep,"2018 Sep, 26",201809
20180927,09/27/2018,FY2019,FY2019 Q1,2018 Sep,"2018 Sep, 27",201809
20180928,09/28/2018,FY2019,FY2019 Q1,2018 Sep,"2018 Sep, 28",201809
20180929,09/29/2018,FY2019,FY2019 Q1,2018 Sep,"2018 Sep, 29",201809
20180930,09/30/2018,FY2019,FY2019 Q1,2018 Sep,"2018 Sep, 30",201809
20181001,10/01/2018,FY2019,FY2019 Q2,2018 Oct,"2018 Oct, 01",201810
20181002,10/02/2018,FY2019,FY2019 Q2,2018 Oct,"2018 Oct, 02",201810
20181003,10/03/2018,FY2019,FY2019 Q2,2018 Oct,"2018 Oct, 03",201810
20181004,10/04/2018,FY2019,FY2019 Q2,2018 Oct,"2018 Oct, 04",201810
20181005,10/05/2018,FY2019,FY2019 Q2,2018 Oct,"2018 Oct, 05",201810
20181006,10/06/2018,FY2019,FY2019 Q2,2018 Oct,"2018 Oct, 06",201810
20181007,10/07/2018,FY2019,FY2019 Q2,2018 Oct,"2018 Oct, 07",201810
20181008,10/08/2018,FY2019,FY2019 Q2,2018 Oct,"2018 Oct, 08",201810
20181009,10/09/2018,FY2019,FY2019 Q2,2018 Oct,"2018 Oct, 09",201810
20181010,10/10/2018,FY2019,FY2019 Q2,2018 Oct,"2018 Oct, 10",201810
20181011,10/11/2018,FY2019,FY2019 Q2,2018 Oct,"2018 Oct, 11",201810
20181012,10/12/2018,FY2019,FY2019 Q2,2018 Oct,"2018 Oct, 12",201810
20181013,10/13/2018,FY2019,FY2019 Q2,2018 Oct,"2018 Oct, 13",201810
20181014,10/14/2018,FY2019,FY2019 Q2,2018 Oct,"2018 Oct, 14",201810
20181015,10/15/2018,FY2019,FY2019 Q2,2018 Oct,"2018 Oct, 15",201810
20181016,10/16/2018,FY2019,FY2019 Q2,2018 Oct,"2018 Oct, 16",201810
20181017,10/17/2018,FY2019,FY2019 Q2,2018 Oct,"2018 Oct, 17",201810
20181018,10/18/2018,FY2019,FY2019 Q2,2018 Oct,"2018 Oct, 18",201810
20181019,10/19/2018,FY2019,FY2019 Q2,2018 Oct,"2018 Oct, 19",201810
20181020,10/20/2018,FY2019,FY2019 Q2,2018 Oct,"2018 Oct, 20",201810
20181021,10/21/2018,FY2019,FY2019 Q2,2018 Oct,"2018 Oct, 21",201810
20181022,10/22/2018,FY2019,FY2019 Q2,2018 Oct,"2018 Oct, 22",201810
20181023,10/23/2018,FY2019,FY2019 Q2,2018 Oct,"2018 Oct, 23",201810
20181024,10/24/2018,FY2019,FY2019 Q2,2018 Oct,"2018 Oct, 24",201810
20181025,10/25/2018,FY2019,FY2019 Q2,2018 Oct,"2018 Oct, 25",201810
20181026,10/26/2018,FY2019,FY2019 Q2,2018 Oct,"2018 Oct, 26",201810
20181027,10/27/2018,FY2019,FY2019 Q2,2018 Oct,"2018 Oct, 27",201810
20181028,10/28/2018,FY2019,FY2019 Q2,2018 Oct,"2018 Oct, 28",201810
20181029,10/29/2018,FY2019,FY2019 Q2,2018 Oct,"2018 Oct, 29",201810
20181030,10/30/2018,FY2019,FY2019 Q2,2018 Oct,"2018 Oct, 30",201810
20181031,10/31/2018,FY2019,FY2019 Q2,2018 Oct,"2018 Oct, 31",201810
20181101,11/01/2018,FY2019,FY2019 Q2,2018 Nov,"2018 Nov, 01",201811
20181102,11/02/2018,FY2019,FY2019 Q2,2018 Nov,"2018 Nov, 02",201811
20181103,11/03/2018,FY2019,FY2019 Q2,2018 Nov,"2018 Nov, 03",201811
20181104,11/04/2018,FY2019,FY2019 Q2,2018 Nov,"2018 Nov, 04",201811
20181105,11/05/2018,FY2019,FY2019 Q2,2018 Nov,"2018 Nov, 05",201811
20181106,11/06/2018,FY2019,FY2019 Q2,2018 Nov,"2018 Nov, 06",201811
20181107,11/07/2018,FY2019,FY2019 Q2,2018 Nov,"2018 Nov, 07",201811
20181108,11/08/2018,FY2019,FY2019 Q2,2018 Nov,"2018 Nov, 08",201811
20181109,11/09/2018,FY2019,FY2019 Q2,2018 Nov,"2018 Nov, 09",201811
20181110,11/10/2018,FY2019,FY2019 Q2,2018 Nov,"2018 Nov, 10",201811
20181111,11/11/2018,FY2019,FY2019 Q2,2018 Nov,"2018 Nov, 11",201811
20181112,11/12/2018,FY2019,FY2019 Q2,2018 Nov,"2018 Nov, 12",201811
20181113,11/13/2018,FY2019,FY2019 Q2,2018 Nov,"2018 Nov, 13",201811
20181114,11/14/2018,FY2019,FY2019 Q2,2018 Nov,"2018 Nov, 14",201811
20181115,11/15/2018,FY2019,FY2019 Q2,2018 Nov,"2018 Nov, 15",201811
20181116,11/16/2018,FY2019,FY2019 Q2,2018 Nov,"2018 Nov, 16",201811
20181117,11/17/2018,FY2019,FY2019 Q2,2018 Nov,"2018 Nov, 17",201811
20181118,11/18/2018,FY2019,FY2019 Q2,2018 Nov,"2018 Nov, 18",201811
20181119,11/19/2018,FY2019,FY2019 Q2,2018 Nov,"2018 Nov, 19",201811
20181120,11/20/2018,FY2019,FY2019 Q2,2018 Nov,"2018 Nov, 20",201811
20181121,11/21/2018,FY2019,FY2019 Q2,2018 Nov,"2018 Nov, 21",201811
20181122,11/22/2018,FY2019,FY2019 Q2,2018 Nov,"2018 Nov, 22",201811
20181123,11/23/2018,FY2019,FY2019 Q2,2018 Nov,"2018 Nov, 23",201811
20181124,11/24/2018,FY2019,FY2019 Q2,2018 Nov,"2018 Nov, 24",201811
20181125,11/25/2018,FY2019,FY2019 Q2,2018 Nov,"2018 Nov, 25",201811
20181126,11/26/2018,FY2019,FY2019 Q2,2018 Nov,"2018 Nov, 26",201811
20181127,11/27/2018,FY2019,FY2019 Q2,2018 Nov,"2018 Nov, 27",201811
20181128,11/28/2018,FY2019,FY2019 Q2,2018 Nov,"2018 Nov, 28",201811
20181129,11/29/2018,FY2019,FY2019 Q2,2018 Nov,"2018 Nov, 29",201811
20181130,11/30/2018,FY2019,FY2019 Q2,2018 Nov,"2018 Nov, 30",201811
20181201,12/01/2018,FY2019,FY2019 Q2,2018 Dec,"2018 Dec, 01",201812
20181202,12/02/2018,FY2019,FY2019 Q2,2018 Dec,"2018 Dec, 02",201812
20181203,12/03/2018,FY2019,FY2019 Q2,2018 Dec,"2018 Dec, 03",201812
20181204,12/04/2018,FY2019,FY2019 Q2,2018 Dec,"2018 Dec, 04",201812
20181205,12/05/2018,FY2019,FY2019 Q2,2018 Dec,"2018 Dec, 05",201812
20181206,12/06/2018,FY2019,FY2019 Q2,2018 Dec,"2018 Dec, 06",201812
20181207,12/07/2018,FY2019,FY2019 Q2,2018 Dec,"2018 Dec, 07",201812
20181208,12/08/2018,FY2019,FY2019 Q2,2018 Dec,"2018 Dec, 08",201812
20181209,12/09/2018,FY2019,FY2019 Q2,2018 Dec,"2018 Dec, 09",201812
20181210,12/10/2018,FY2019,FY2019 Q2,2018 Dec,"2018 Dec, 10",201812
20181211,12/11/2018,FY2019,FY2019 Q2,2018 Dec,"2018 Dec, 11",201812
20181212,12/12/2018,FY2019,FY2019 Q2,2018 Dec,"2018 Dec, 12",201812
20181213,12/13/2018,FY2019,FY2019 Q2,2018 Dec,"2018 Dec, 13",201812
20181214,12/14/2018,FY2019,FY2019 Q2,2018 Dec,"2018 Dec, 14",201812
20181215,12/15/2018,FY2019,FY2019 Q2,2018 Dec,"2018 Dec, 15",201812
20181216,12/16/2018,FY2019,FY2019 Q2,2018 Dec,"2018 Dec, 16",201812
20181217,12/17/2018,FY2019,FY2019 Q2,2018 Dec,"2018 Dec, 17",201812
20181218,12/18/2018,FY2019,FY2019 Q2,2018 Dec,"2018 Dec, 18",201812
20181219,12/19/2018,FY2019,FY2019 Q2,2018 Dec,"2018 Dec, 19",201812
20181220,12/20/2018,FY2019,FY2019 Q2,2018 Dec,"2018 Dec, 20",201812
20181221,12/21/2018,FY2019,FY2019 Q2,2018 Dec,"2018 Dec, 21",201812
20181222,12/22/2018,FY2019,FY2019 Q2,2018 Dec,"2018 Dec, 22",201812
20181223,12/23/2018,FY2019,FY2019 Q2,2018 Dec,"2018 Dec, 23",201812
20181224,12/24/2018,FY2019,FY2019 Q2,2018 Dec,"2018 Dec, 24",201812
20181225,12/25/2018,FY2019,FY2019 Q2,2018 Dec,"2018 Dec, 25",201812
20181226,12/26/2018,FY2019,FY2019 Q2,2018 Dec,"2018 Dec, 26",201812
20181227,12/27/2018,FY2019,FY2019 Q2,2018 Dec,"2018 Dec, 27",201812
20181228,12/28/2018,FY2019,FY2019 Q2,2018 Dec,"2018 Dec, 28",201812
20181229,12/29/2018,FY2019,FY2019 Q2,2018 Dec,"2018 Dec, 29",201812
20181230,12/30/2018,FY2019,FY2019 Q2,2018 Dec,"2018 Dec, 30",201812
20181231,12/31/2018,FY2019,FY2019 Q2,2018 Dec,"2018 Dec, 31",201812
20190101,01/01/2019,FY2019,FY2019 Q3,2019 Jan,"2019 Jan, 01",201901
20190102,01/02/2019,FY2019,FY2019 Q3,2019 Jan,"2019 Jan, 02",201901
20190103,01/03/2019,FY2019,FY2019 Q3,2019 Jan,"2019 Jan, 03",201901
20190104,01/04/2019,FY2019,FY2019 Q3,2019 Jan,"2019 Jan, 04",201901
20190105,01/05/2019,FY2019,FY2019 Q3,2019 Jan,"2019 Jan, 05",201901
20190106,01/06/2019,FY2019,FY2019 Q3,2019 Jan,"2019 Jan, 06",201901
20190107,01/07/2019,FY2019,FY2019 Q3,2019 Jan,"2019 Jan, 07",201901
20190108,01/08/2019,FY2019,FY2019 Q3,2019 Jan,"2019 Jan, 08",201901
20190109,01/09/2019,FY2019,FY2019 Q3,2019 Jan,"2019 Jan, 09",201901
20190110,01/10/2019,FY2019,FY2019 Q3,2019 Jan,"2019 Jan, 10",201901
20190111,01/11/2019,FY2019,FY2019 Q3,2019 Jan,"2019 Jan, 11",201901
20190112,01/12/2019,FY2019,FY2019 Q3,2019 Jan,"2019 Jan, 12",201901
20190113,01/13/2019,FY2019,FY2019 Q3,2019 Jan,"2019 Jan, 13",201901
20190114,01/14/2019,FY2019,FY2019 Q3,2019 Jan,"2019 Jan, 14",201901
20190115,01/15/2019,FY2019,FY2019 Q3,2019 Jan,"2019 Jan, 15",201901
20190116,01/16/2019,FY2019,FY2019 Q3,2019 Jan,"2019 Jan, 16",201901
20190117,01/17/2019,FY2019,FY2019 Q3,2019 Jan,"2019 Jan, 17",201901
20190118,01/18/2019,FY2019,FY2019 Q3,2019 Jan,"2019 Jan, 18",201901
20190119,01/19/2019,FY2019,FY2019 Q3,2019 Jan,"2019 Jan, 19",201901
20190120,01/20/2019,FY2019,FY2019 Q3,2019 Jan,"2019 Jan, 20",201901
20190121,01/21/2019,FY2019,FY2019 Q3,2019 Jan,"2019 Jan, 21",201901
20190122,01/22/2019,FY2019,FY2019 Q3,2019 Jan,"2019 Jan, 22",201901
20190123,01/23/2019,FY2019,FY2019 Q3,2019 Jan,"2019 Jan, 23",201901
20190124,01/24/2019,FY2019,FY2019 Q3,2019 Jan,"2019 Jan, 24",201901
20190125,01/25/2019,FY2019,FY2019 Q3,2019 Jan,"2019 Jan, 25",201901
20190126,01/26/2019,FY2019,FY2019 Q3,2019 Jan,"2019 Jan, 26",201901
20190127,01/27/2019,FY2019,FY2019 Q3,2019 Jan,"2019 Jan, 27",201901
20190128,01/28/2019,FY2019,FY2019 Q3,2019 Jan,"2019 Jan, 28",201901
20190129,01/29/2019,FY2019,FY2019 Q3,2019 Jan,"2019 Jan, 29",201901
20190130,01/30/2019,FY2019,FY2019 Q3,2019 Jan,"2019 Jan, 30",201901
20190131,01/31/2019,FY2019,FY2019 Q3,2019 Jan,"2019 Jan, 31",201901
20190201,02/01/2019,FY2019,FY2019 Q3,2019 Feb,"2019 Feb, 01",201902
20190202,02/02/2019,FY2019,FY2019 Q3,2019 Feb,"2019 Feb, 02",201902
20190203,02/03/2019,FY2019,FY2019 Q3,2019 Feb,"2019 Feb, 03",201902
20190204,02/04/2019,FY2019,FY2019 Q3,2019 Feb,"2019 Feb, 04",201902
20190205,02/05/2019,FY2019,FY2019 Q3,2019 Feb,"2019 Feb, 05",201902
20190206,02/06/2019,FY2019,FY2019 Q3,2019 Feb,"2019 Feb, 06",201902
20190207,02/07/2019,FY2019,FY2019 Q3,2019 Feb,"2019 Feb, 07",201902
20190208,02/08/2019,FY2019,FY2019 Q3,2019 Feb,"2019 Feb, 08",201902
20190209,02/09/2019,FY2019,FY2019 Q3,2019 Feb,"2019 Feb, 09",201902
20190210,02/10/2019,FY2019,FY2019 Q3,2019 Feb,"2019 Feb, 10",201902
20190211,02/11/2019,FY2019,FY2019 Q3,2019 Feb,"2019 Feb, 11",201902
20190212,02/12/2019,FY2019,FY2019 Q3,2019 Feb,"2019 Feb, 12",201902
20190213,02/13/2019,FY2019,FY2019 Q3,2019 Feb,"2019 Feb, 13",201902
20190214,02/14/2019,FY2019,FY2019 Q3,2019 Feb,"2019 Feb, 14",201902
20190215,02/15/2019,FY2019,FY2019 Q3,2019 Feb,"2019 Feb, 15",201902
20190216,02/16/2019,FY2019,FY2019 Q3,2019 Feb,"2019 Feb, 16",201902
20190217,02/17/2019,FY2019,FY2019 Q3,2019 Feb,"2019 Feb, 17",201902
20190218,02/18/2019,FY2019,FY2019 Q3,2019 Feb,"2019 Feb, 18",201902
20190219,02/19/2019,FY2019,FY2019 Q3,2019 Feb,"2019 Feb, 19",201902
20190220,02/20/2019,FY2019,FY2019 Q3,2019 Feb,"2019 Feb, 20",201902
20190221,02/21/2019,FY2019,FY2019 Q3,2019 Feb,"2019 Feb, 21",201902
20190222,02/22/2019,FY2019,FY2019 Q3,2019 Feb,"2019 Feb, 22",201902
20190223,02/23/2019,FY2019,FY2019 Q3,2019 Feb,"2019 Feb, 23",201902
20190224,02/24/2019,FY2019,FY2019 Q3,2019 Feb,"2019 Feb, 24",201902
20190225,02/25/2019,FY2019,FY2019 Q3,2019 Feb,"2019 Feb, 25",201902
20190226,02/26/2019,FY2019,FY2019 Q3,2019 Feb,"2019 Feb, 26",201902
20190227,02/27/2019,FY2019,FY2019 Q3,2019 Feb,"2019 Feb, 27",201902
20190228,02/28/2019,FY2019,FY2019 Q3,2019 Feb,"2019 Feb, 28",201902
20190301,03/01/2019,FY2019,FY2019 Q3,2019 Mar,"2019 Mar, 01",201903
20190302,03/02/2019,FY2019,FY2019 Q3,2019 Mar,"2019 Mar, 02",201903
20190303,03/03/2019,FY2019,FY2019 Q3,2019 Mar,"2019 Mar, 03",201903
20190304,03/04/2019,FY2019,FY2019 Q3,2019 Mar,"2019 Mar, 04",201903
20190305,03/05/2019,FY2019,FY2019 Q3,2019 Mar,"2019 Mar, 05",201903
20190306,03/06/2019,FY2019,FY2019 Q3,2019 Mar,"2019 Mar, 06",201903
20190307,03/07/2019,FY2019,FY2019 Q3,2019 Mar,"2019 Mar, 07",201903
20190308,03/08/2019,FY2019,FY2019 Q3,2019 Mar,"2019 Mar, 08",201903
20190309,03/09/2019,FY2019,FY2019 Q3,2019 Mar,"2019 Mar, 09",201903
20190310,03/10/2019,FY2019,FY2019 Q3,2019 Mar,"2019 Mar, 10",201903
20190311,03/11/2019,FY2019,FY2019 Q3,2019 Mar,"2019 Mar, 11",201903
20190312,03/12/2019,FY2019,FY2019 Q3,2019 Mar,"2019 Mar, 12",201903
20190313,03/13/2019,FY2019,FY2019 Q3,2019 Mar,"2019 Mar, 13",201903
20190314,03/14/2019,FY2019,FY2019 Q3,2019 Mar,"2019 Mar, 14",201903
20190315,03/15/2019,FY2019,FY2019 Q3,2019 Mar,"2019 Mar, 15",201903
20190316,03/16/2019,FY2019,FY2019 Q3,2019 Mar,"2019 Mar, 16",201903
20190317,03/17/2019,FY2019,FY2019 Q3,2019 Mar,"2019 Mar, 17",201903
20190318,03/18/2019,FY2019,FY2019 Q3,2019 Mar,"2019 Mar, 18",201903
20190319,03/19/2019,FY2019,FY2019 Q3,2019 Mar,"2019 Mar, 19",201903
20190320,03/20/2019,FY2019,FY2019 Q3,2019 Mar,"2019 Mar, 20",201903
20190321,03/21/2019,FY2019,FY2019 Q3,2019 Mar,"2019 Mar, 21",201903
20190322,03/22/2019,FY2019,FY2019 Q3,2019 Mar,"2019 Mar, 22",201903
20190323,03/23/2019,FY2019,FY2019 Q3,2019 Mar,"2019 Mar, 23",201903
20190324,03/24/2019,FY2019,FY2019 Q3,2019 Mar,"2019 Mar, 24",201903
20190325,03/25/2019,FY2019,FY2019 Q3,2019 Mar,"2019 Mar, 25",201903
20190326,03/26/2019,FY2019,FY2019 Q3,2019 Mar,"2019 Mar, 26",201903
20190327,03/27/2019,FY2019,FY2019 Q3,2019 Mar,"2019 Mar, 27",201903
20190328,03/28/2019,FY2019,FY2019 Q3,2019 Mar,"2019 Mar, 28",201903
20190329,03/29/2019,FY2019,FY2019 Q3,2019 Mar,"2019 Mar, 29",201903
20190330,03/30/2019,FY2019,FY2019 Q3,2019 Mar,"2019 Mar, 30",201903
20190331,03/31/2019,FY2019,FY2019 Q3,2019 Mar,"2019 Mar, 31",201903
20190401,04/01/2019,FY2019,FY2019 Q4,2019 Apr,"2019 Apr, 01",201904
20190402,04/02/2019,FY2019,FY2019 Q4,2019 Apr,"2019 Apr, 02",201904
20190403,04/03/2019,FY2019,FY2019 Q4,2019 Apr,"2019 Apr, 03",201904
20190404,04/04/2019,FY2019,FY2019 Q4,2019 Apr,"2019 Apr, 04",201904
20190405,04/05/2019,FY2019,FY2019 Q4,2019 Apr,"2019 Apr, 05",201904
20190406,04/06/2019,FY2019,FY2019 Q4,2019 Apr,"2019 Apr, 06",201904
20190407,04/07/2019,FY2019,FY2019 Q4,2019 Apr,"2019 Apr, 07",201904
20190408,04/08/2019,FY2019,FY2019 Q4,2019 Apr,"2019 Apr, 08",201904
20190409,04/09/2019,FY2019,FY2019 Q4,2019 Apr,"2019 Apr, 09",201904
20190410,04/10/2019,FY2019,FY2019 Q4,2019 Apr,"2019 Apr, 10",201904
20190411,04/11/2019,FY2019,FY2019 Q4,2019 Apr,"2019 Apr, 11",201904
20190412,04/12/2019,FY2019,FY2019 Q4,2019 Apr,"2019 Apr, 12",201904
20190413,04/13/2019,FY2019,FY2019 Q4,2019 Apr,"2019 Apr, 13",201904
20190414,04/14/2019,FY2019,FY2019 Q4,2019 Apr,"2019 Apr, 14",201904
20190415,04/15/2019,FY2019,FY2019 Q4,2019 Apr,"2019 Apr, 15",201904
20190416,04/16/2019,FY2019,FY2019 Q4,2019 Apr,"2019 Apr, 16",201904
20190417,04/17/2019,FY2019,FY2019 Q4,2019 Apr,"2019 Apr, 17",201904
20190418,04/18/2019,FY2019,FY2019 Q4,2019 Apr,"2019 Apr, 18",201904
20190419,04/19/2019,FY2019,FY2019 Q4,2019 Apr,"2019 Apr, 19",201904
20190420,04/20/2019,FY2019,FY2019 Q4,2019 Apr,"2019 Apr, 20",201904
20190421,04/21/2019,FY2019,FY2019 Q4,2019 Apr,"2019 Apr, 21",201904
20190422,04/22/2019,FY2019,FY2019 Q4,2019 Apr,"2019 Apr, 22",201904
20190423,04/23/2019,FY2019,FY2019 Q4,2019 Apr,"2019 Apr, 23",201904
20190424,04/24/2019,FY2019,FY2019 Q4,2019 Apr,"2019 Apr, 24",201904
20190425,04/25/2019,FY2019,FY2019 Q4,2019 Apr,"2019 Apr, 25",201904
20190426,04/26/2019,FY2019,FY2019 Q4,2019 Apr,"2019 Apr, 26",201904
20190427,04/27/2019,FY2019,FY2019 Q4,2019 Apr,"2019 Apr, 27",201904
20190428,04/28/2019,FY2019,FY2019 Q4,2019 Apr,"2019 Apr, 28",201904
20190429,04/29/2019,FY2019,FY2019 Q4,2019 Apr,"2019 Apr, 29",201904
20190430,04/30/2019,FY2019,FY2019 Q4,2019 Apr,"2019 Apr, 30",201904
20190501,05/01/2019,FY2019,FY2019 Q4,2019 May,"2019 May, 01",201905
20190502,05/02/2019,FY2019,FY2019 Q4,2019 May,"2019 May, 02",201905
20190503,05/03/2019,FY2019,FY2019 Q4,2019 May,"2019 May, 03",201905
20190504,05/04/2019,FY2019,FY2019 Q4,2019 May,"2019 May, 04",201905
20190505,05/05/2019,FY2019,FY2019 Q4,2019 May,"2019 May, 05",201905
20190506,05/06/2019,FY2019,FY2019 Q4,2019 May,"2019 May, 06",201905
20190507,05/07/2019,FY2019,FY2019 Q4,2019 May,"2019 May, 07",201905
20190508,05/08/2019,FY2019,FY2019 Q4,2019 May,"2019 May, 08",201905
20190509,05/09/2019,FY2019,FY2019 Q4,2019 May,"2019 May, 09",201905
20190510,05/10/2019,FY2019,FY2019 Q4,2019 May,"2019 May, 10",201905
20190511,05/11/2019,FY2019,FY2019 Q4,2019 May,"2019 May, 11",201905
20190512,05/12/2019,FY2019,FY2019 Q4,2019 May,"2019 May, 12",201905
20190513,05/13/2019,FY2019,FY2019 Q4,2019 May,"2019 May, 13",201905
20190514,05/14/2019,FY2019,FY2019 Q4,2019 May,"2019 May, 14",201905
20190515,05/15/2019,FY2019,FY2019 Q4,2019 May,"2019 May, 15",201905
20190516,05/16/2019,FY2019,FY2019 Q4,2019 May,"2019 May, 16",201905
20190517,05/17/2019,FY2019,FY2019 Q4,2019 May,"2019 May, 17",201905
20190518,05/18/2019,FY2019,FY2019 Q4,2019 May,"2019 May, 18",201905
20190519,05/19/2019,FY2019,FY2019 Q4,2019 May,"2019 May, 19",201905
20190520,05/20/2019,FY2019,FY2019 Q4,2019 May,"2019 May, 20",201905
20190521,05/21/2019,FY2019,FY2019 Q4,2019 May,"2019 May, 21",201905
20190522,05/22/2019,FY2019,FY2019 Q4,2019 May,"2019 May, 22",201905
20190523,05/23/2019,FY2019,FY2019 Q4,2019 May,"2019 May, 23",201905
20190524,05/24/2019,FY2019,FY2019 Q4,2019 May,"2019 May, 24",201905
20190525,05/25/2019,FY2019,FY2019 Q4,2019 May,"2019 May, 25",201905
20190526,05/26/2019,FY2019,FY2019 Q4,2019 May,"2019 May, 26",201905
20190527,05/27/2019,FY2019,FY2019 Q4,2019 May,"2019 May, 27",201905
20190528,05/28/2019,FY2019,FY2019 Q4,2019 May,"2019 May, 28",201905
20190529,05/29/2019,FY2019,FY2019 Q4,2019 May,"2019 May, 29",201905
20190530,05/30/2019,FY2019,FY2019 Q4,2019 May,"2019 May, 30",201905
20190531,05/31/2019,FY2019,FY2019 Q4,2019 May,"2019 May, 31",201905
20190601,06/01/2019,FY2019,FY2019 Q4,2019 Jun,"2019 Jun, 01",201906
20190602,06/02/2019,FY2019,FY2019 Q4,2019 Jun,"2019 Jun, 02",201906
20190603,06/03/2019,FY2019,FY2019 Q4,2019 Jun,"2019 Jun, 03",201906
20190604,06/04/2019,FY2019,FY2019 Q4,2019 Jun,"2019 Jun, 04",201906
20190605,06/05/2019,FY2019,FY2019 Q4,2019 Jun,"2019 Jun, 05",201906
20190606,06/06/2019,FY2019,FY2019 Q4,2019 Jun,"2019 Jun, 06",201906
20190607,06/07/2019,FY2019,FY2019 Q4,2019 Jun,"2019 Jun, 07",201906
20190608,06/08/2019,FY2019,FY2019 Q4,2019 Jun,"2019 Jun, 08",201906
20190609,06/09/2019,FY2019,FY2019 Q4,2019 Jun,"2019 Jun, 09",201906
20190610,06/10/2019,FY2019,FY2019 Q4,2019 Jun,"2019 Jun, 10",201906
20190611,06/11/2019,FY2019,FY2019 Q4,2019 Jun,"2019 Jun, 11",201906
20190612,06/12/2019,FY2019,FY2019 Q4,2019 Jun,"2019 Jun, 12",201906
20190613,06/13/2019,FY2019,FY2019 Q4,2019 Jun,"2019 Jun, 13",201906
20190614,06/14/2019,FY2019,FY2019 Q4,2019 Jun,"2019 Jun, 14",201906
20190615,06/15/2019,FY2019,FY2019 Q4,2019 Jun,"2019 Jun, 15",201906
20190616,06/16/2019,FY2019,FY2019 Q4,2019 Jun,"2019 Jun, 16",201906
20190617,06/17/2019,FY2019,FY2019 Q4,2019 Jun,"2019 Jun, 17",201906
20190618,06/18/2019,FY2019,FY2019 Q4,2019 Jun,"2019 Jun, 18",201906
20190619,06/19/2019,FY2019,FY2019 Q4,2019 Jun,"2019 Jun, 19",201906
20190620,06/20/2019,FY2019,FY2019 Q4,2019 Jun,"2019 Jun, 20",201906
20190621,06/21/2019,FY2019,FY2019 Q4,2019 Jun,"2019 Jun, 21",201906
20190622,06/22/2019,FY2019,FY2019 Q4,2019 Jun,"2019 Jun, 22",201906
20190623,06/23/2019,FY2019,FY2019 Q4,2019 Jun,"2019 Jun, 23",201906
20190624,06/24/2019,FY2019,FY2019 Q4,2019 Jun,"2019 Jun, 24",201906
20190625,06/25/2019,FY2019,FY2019 Q4,2019 Jun,"2019 Jun, 25",201906
20190626,06/26/2019,FY2019,FY2019 Q4,2019 Jun,"2019 Jun, 26",201906
20190627,06/27/2019,FY2019,FY2019 Q4,2019 Jun,"2019 Jun, 27",201906
20190628,06/28/2019,FY2019,FY2019 Q4,2019 Jun,"2019 Jun, 28",201906
20190629,06/29/2019,FY2019,FY2019 Q4,2019 Jun,"2019 Jun, 29",201906
20190630,06/30/2019,FY2019,FY2019 Q4,2019 Jun,"2019 Jun, 30",201906
20190701,07/01/2019,FY2020,FY2020 Q1,2019 Jul,"2019 Jul, 01",201907
20190702,07/02/2019,FY2020,FY2020 Q1,2019 Jul,"2019 Jul, 02",201907
20190703,07/03/2019,FY2020,FY2020 Q1,2019 Jul,"2019 Jul, 03",201907
20190704,07/04/2019,FY2020,FY2020 Q1,2019 Jul,"2019 Jul, 04",201907
20190705,07/05/2019,FY2020,FY2020 Q1,2019 Jul,"2019 Jul, 05",201907
20190706,07/06/2019,FY2020,FY2020 Q1,2019 Jul,"2019 Jul, 06",201907
20190707,07/07/2019,FY2020,FY2020 Q1,2019 Jul,"2019 Jul, 07",201907
20190708,07/08/2019,FY2020,FY2020 Q1,2019 Jul,"2019 Jul, 08",201907
20190709,07/09/2019,FY2020,FY2020 Q1,2019 Jul,"2019 Jul, 09",201907
20190710,07/10/2019,FY2020,FY2020 Q1,2019 Jul,"2019 Jul, 10",201907
20190711,07/11/2019,FY2020,FY2020 Q1,2019 Jul,"2019 Jul, 11",201907
20190712,07/12/2019,FY2020,FY2020 Q1,2019 Jul,"2019 Jul, 12",201907
20190713,07/13/2019,FY2020,FY2020 Q1,2019 Jul,"2019 Jul, 13",201907
20190714,07/14/2019,FY2020,FY2020 Q1,2019 Jul,"2019 Jul, 14",201907
20190715,07/15/2019,FY2020,FY2020 Q1,2019 Jul,"2019 Jul, 15",201907
20190716,07/16/2019,FY2020,FY2020 Q1,2019 Jul,"2019 Jul, 16",201907
20190717,07/17/2019,FY2020,FY2020 Q1,2019 Jul,"2019 Jul, 17",201907
20190718,07/18/2019,FY2020,FY2020 Q1,2019 Jul,"2019 Jul, 18",201907
20190719,07/19/2019,FY2020,FY2020 Q1,2019 Jul,"2019 Jul, 19",201907
20190720,07/20/2019,FY2020,FY2020 Q1,2019 Jul,"2019 Jul, 20",201907
20190721,07/21/2019,FY2020,FY2020 Q1,2019 Jul,"2019 Jul, 21",201907
20190722,07/22/2019,FY2020,FY2020 Q1,2019 Jul,"2019 Jul, 22",201907
20190723,07/23/2019,FY2020,FY2020 Q1,2019 Jul,"2019 Jul, 23",201907
20190724,07/24/2019,FY2020,FY2020 Q1,2019 Jul,"2019 Jul, 24",201907
20190725,07/25/2019,FY2020,FY2020 Q1,2019 Jul,"2019 Jul, 25",201907
20190726,07/26/2019,FY2020,FY2020 Q1,2019 Jul,"2019 Jul, 26",201907
20190727,07/27/2019,FY2020,FY2020 Q1,2019 Jul,"2019 Jul, 27",201907
20190728,07/28/2019,FY2020,FY2020 Q1,2019 Jul,"2019 Jul, 28",201907
20190729,07/29/2019,FY2020,FY2020 Q1,2019 Jul,"2019 Jul, 29",201907
20190730,07/30/2019,FY2020,FY2020 Q1,2019 Jul,"2019 Jul, 30",201907
20190731,07/31/2019,FY2020,FY2020 Q1,2019 Jul,"2019 Jul, 31",201907
20190801,08/01/2019,FY2020,FY2020 Q1,2019 Aug,"2019 Aug, 01",201908
20190802,08/02/2019,FY2020,FY2020 Q1,2019 Aug,"2019 Aug, 02",201908
20190803,08/03/2019,FY2020,FY2020 Q1,2019 Aug,"2019 Aug, 03",201908
20190804,08/04/2019,FY2020,FY2020 Q1,2019 Aug,"2019 Aug, 04",201908
20190805,08/05/2019,FY2020,FY2020 Q1,2019 Aug,"2019 Aug, 05",201908
20190806,08/06/2019,FY2020,FY2020 Q1,2019 Aug,"2019 Aug, 06",201908
20190807,08/07/2019,FY2020,FY2020 Q1,2019 Aug,"2019 Aug, 07",201908
20190808,08/08/2019,FY2020,FY2020 Q1,2019 Aug,"2019 Aug, 08",201908
20190809,08/09/2019,FY2020,FY2020 Q1,2019 Aug,"2019 Aug, 09",201908
20190810,08/10/2019,FY2020,FY2020 Q1,2019 Aug,"2019 Aug, 10",201908
20190811,08/11/2019,FY2020,FY2020 Q1,2019 Aug,"2019 Aug, 11",201908
20190812,08/12/2019,FY2020,FY2020 Q1,2019 Aug,"2019 Aug, 12",201908
20190813,08/13/2019,FY2020,FY2020 Q1,2019 Aug,"2019 Aug, 13",201908
20190814,08/14/2019,FY2020,FY2020 Q1,2019 Aug,"2019 Aug, 14",201908
20190815,08/15/2019,FY2020,FY2020 Q1,2019 Aug,"2019 Aug, 15",201908
20190816,08/16/2019,FY2020,FY2020 Q1,2019 Aug,"2019 Aug, 16",201908
20190817,08/17/2019,FY2020,FY2020 Q1,2019 Aug,"2019 Aug, 17",201908
20190818,08/18/2019,FY2020,FY2020 Q1,2019 Aug,"2019 Aug, 18",201908
20190819,08/19/2019,FY2020,FY2020 Q1,2019 Aug,"2019 Aug, 19",201908
20190820,08/20/2019,FY2020,FY2020 Q1,2019 Aug,"2019 Aug, 20",201908
20190821,08/21/2019,FY2020,FY2020 Q1,2019 Aug,"2019 Aug, 21",201908
20190822,08/22/2019,FY2020,FY2020 Q1,2019 Aug,"2019 Aug, 22",201908
20190823,08/23/2019,FY2020,FY2020 Q1,2019 Aug,"2019 Aug, 23",201908
20190824,08/24/2019,FY2020,FY2020 Q1,2019 Aug,"2019 Aug, 24",201908
20190825,08/25/2019,FY2020,FY2020 Q1,2019 Aug,"2019 Aug, 25",201908
20190826,08/26/2019,FY2020,FY2020 Q1,2019 Aug,"2019 Aug, 26",201908
20190827,08/27/2019,FY2020,FY2020 Q1,2019 Aug,"2019 Aug, 27",201908
20190828,08/28/2019,FY2020,FY2020 Q1,2019 Aug,"2019 Aug, 28",201908
20190829,08/29/2019,FY2020,FY2020 Q1,2019 Aug,"2019 Aug, 29",201908
20190830,08/30/2019,FY2020,FY2020 Q1,2019 Aug,"2019 Aug, 30",201908
20190831,08/31/2019,FY2020,FY2020 Q1,2019 Aug,"2019 Aug, 31",201908
20190901,09/01/2019,FY2020,FY2020 Q1,2019 Sep,"2019 Sep, 01",201909
20190902,09/02/2019,FY2020,FY2020 Q1,2019 Sep,"2019 Sep, 02",201909
20190903,09/03/2019,FY2020,FY2020 Q1,2019 Sep,"2019 Sep, 03",201909
20190904,09/04/2019,FY2020,FY2020 Q1,2019 Sep,"2019 Sep, 04",201909
20190905,09/05/2019,FY2020,FY2020 Q1,2019 Sep,"2019 Sep, 05",201909
20190906,09/06/2019,FY2020,FY2020 Q1,2019 Sep,"2019 Sep, 06",201909
20190907,09/07/2019,FY2020,FY2020 Q1,2019 Sep,"2019 Sep, 07",201909
20190908,09/08/2019,FY2020,FY2020 Q1,2019 Sep,"2019 Sep, 08",201909
20190909,09/09/2019,FY2020,FY2020 Q1,2019 Sep,"2019 Sep, 09",201909
20190910,09/10/2019,FY2020,FY2020 Q1,2019 Sep,"2019 Sep, 10",201909
20190911,09/11/2019,FY2020,FY2020 Q1,2019 Sep,"2019 Sep, 11",201909
20190912,09/12/2019,FY2020,FY2020 Q1,2019 Sep,"2019 Sep, 12",201909
20190913,09/13/2019,FY2020,FY2020 Q1,2019 Sep,"2019 Sep, 13",201909
20190914,09/14/2019,FY2020,FY2020 Q1,2019 Sep,"2019 Sep, 14",201909
20190915,09/15/2019,FY2020,FY2020 Q1,2019 Sep,"2019 Sep, 15",201909
20190916,09/16/2019,FY2020,FY2020 Q1,2019 Sep,"2019 Sep, 16",201909
20190917,09/17/2019,FY2020,FY2020 Q1,2019 Sep,"2019 Sep, 17",201909
20190918,09/18/2019,FY2020,FY2020 Q1,2019 Sep,"2019 Sep, 18",201909
20190919,09/19/2019,FY2020,FY2020 Q1,2019 Sep,"2019 Sep, 19",201909
20190920,09/20/2019,FY2020,FY2020 Q1,2019 Sep,"2019 Sep, 20",201909
20190921,09/21/2019,FY2020,FY2020 Q1,2019 Sep,"2019 Sep, 21",201909
20190922,09/22/2019,FY2020,FY2020 Q1,2019 Sep,"2019 Sep, 22",201909
20190923,09/23/2019,FY2020,FY2020 Q1,2019 Sep,"2019 Sep, 23",201909
20190924,09/24/2019,FY2020,FY2020 Q1,2019 Sep,"2019 Sep, 24",201909
20190925,09/25/2019,FY2020,FY2020 Q1,2019 Sep,"2019 Sep, 25",201909
20190926,09/26/2019,FY2020,FY2020 Q1,2019 Sep,"2019 Sep, 26",201909
20190927,09/27/2019,FY2020,FY2020 Q1,2019 Sep,"2019 Sep, 27",201909
20190928,09/28/2019,FY2020,FY2020 Q1,2019 Sep,"2019 Sep, 28",201909
20190929,09/29/2019,FY2020,FY2020 Q1,2019 Sep,"2019 Sep, 29",201909
20190930,09/30/2019,FY2020,FY2020 Q1,2019 Sep,"2019 Sep, 30",201909
20191001,10/01/2019,FY2020,FY2020 Q2,2019 Oct,"2019 Oct, 01",201910
20191002,10/02/2019,FY2020,FY2020 Q2,2019 Oct,"2019 Oct, 02",201910
20191003,10/03/2019,FY2020,FY2020 Q2,2019 Oct,"2019 Oct, 03",201910
20191004,10/04/2019,FY2020,FY2020 Q2,2019 Oct,"2019 Oct, 04",201910
20191005,10/05/2019,FY2020,FY2020 Q2,2019 Oct,"2019 Oct, 05",201910
20191006,10/06/2019,FY2020,FY2020 Q2,2019 Oct,"2019 Oct, 06",201910
20191007,10/07/2019,FY2020,FY2020 Q2,2019 Oct,"2019 Oct, 07",201910
20191008,10/08/2019,FY2020,FY2020 Q2,2019 Oct,"2019 Oct, 08",201910
20191009,10/09/2019,FY2020,FY2020 Q2,2019 Oct,"2019 Oct, 09",201910
20191010,10/10/2019,FY2020,FY2020 Q2,2019 Oct,"2019 Oct, 10",201910
20191011,10/11/2019,FY2020,FY2020 Q2,2019 Oct,"2019 Oct, 11",201910
20191012,10/12/2019,FY2020,FY2020 Q2,2019 Oct,"2019 Oct, 12",201910
20191013,10/13/2019,FY2020,FY2020 Q2,2019 Oct,"2019 Oct, 13",201910
20191014,10/14/2019,FY2020,FY2020 Q2,2019 Oct,"2019 Oct, 14",201910
20191015,10/15/2019,FY2020,FY2020 Q2,2019 Oct,"2019 Oct, 15",201910
20191016,10/16/2019,FY2020,FY2020 Q2,2019 Oct,"2019 Oct, 16",201910
20191017,10/17/2019,FY2020,FY2020 Q2,2019 Oct,"2019 Oct, 17",201910
20191018,10/18/2019,FY2020,FY2020 Q2,2019 Oct,"2019 Oct, 18",201910
20191019,10/19/2019,FY2020,FY2020 Q2,2019 Oct,"2019 Oct, 19",201910
20191020,10/20/2019,FY2020,FY2020 Q2,2019 Oct,"2019 Oct, 20",201910
20191021,10/21/2019,FY2020,FY2020 Q2,2019 Oct,"2019 Oct, 21",201910
20191022,10/22/2019,FY2020,FY2020 Q2,2019 Oct,"2019 Oct, 22",201910
20191023,10/23/2019,FY2020,FY2020 Q2,2019 Oct,"2019 Oct, 23",201910
20191024,10/24/2019,FY2020,FY2020 Q2,2019 Oct,"2019 Oct, 24",201910
20191025,10/25/2019,FY2020,FY2020 Q2,2019 Oct,"2019 Oct, 25",201910
20191026,10/26/2019,FY2020,FY2020 Q2,2019 Oct,"2019 Oct, 26",201910
20191027,10/27/2019,FY2020,FY2020 Q2,2019 Oct,"2019 Oct, 27",201910
20191028,10/28/2019,FY2020,FY2020 Q2,2019 Oct,"2019 Oct, 28",201910
20191029,10/29/2019,FY2020,FY2020 Q2,2019 Oct,"2019 Oct, 29",201910
20191030,10/30/2019,FY2020,FY2020 Q2,2019 Oct,"2019 Oct, 30",201910
20191031,10/31/2019,FY2020,FY2020 Q2,2019 Oct,"2019 Oct, 31",201910
20191101,11/01/2019,FY2020,FY2020 Q2,2019 Nov,"2019 Nov, 01",201911
20191102,11/02/2019,FY2020,FY2020 Q2,2019 Nov,"2019 Nov, 02",201911
20191103,11/03/2019,FY2020,FY2020 Q2,2019 Nov,"2019 Nov, 03",201911
20191104,11/04/2019,FY2020,FY2020 Q2,2019 Nov,"2019 Nov, 04",201911
20191105,11/05/2019,FY2020,FY2020 Q2,2019 Nov,"2019 Nov, 05",201911
20191106,11/06/2019,FY2020,FY2020 Q2,2019 Nov,"2019 Nov, 06",201911
20191107,11/07/2019,FY2020,FY2020 Q2,2019 Nov,"2019 Nov, 07",201911
20191108,11/08/2019,FY2020,FY2020 Q2,2019 Nov,"2019 Nov, 08",201911
20191109,11/09/2019,FY2020,FY2020 Q2,2019 Nov,"2019 Nov, 09",201911
20191110,11/10/2019,FY2020,FY2020 Q2,2019 Nov,"2019 Nov, 10",201911
20191111,11/11/2019,FY2020,FY2020 Q2,2019 Nov,"2019 Nov, 11",201911
20191112,11/12/2019,FY2020,FY2020 Q2,2019 Nov,"2019 Nov, 12",201911
20191113,11/13/2019,FY2020,FY2020 Q2,2019 Nov,"2019 Nov, 13",201911
20191114,11/14/2019,FY2020,FY2020 Q2,2019 Nov,"2019 Nov, 14",201911
20191115,11/15/2019,FY2020,FY2020 Q2,2019 Nov,"2019 Nov, 15",201911
20191116,11/16/2019,FY2020,FY2020 Q2,2019 Nov,"2019 Nov, 16",201911
20191117,11/17/2019,FY2020,FY2020 Q2,2019 Nov,"2019 Nov, 17",201911
20191118,11/18/2019,FY2020,FY2020 Q2,2019 Nov,"2019 Nov, 18",201911
20191119,11/19/2019,FY2020,FY2020 Q2,2019 Nov,"2019 Nov, 19",201911
20191120,11/20/2019,FY2020,FY2020 Q2,2019 Nov,"2019 Nov, 20",201911
20191121,11/21/2019,FY2020,FY2020 Q2,2019 Nov,"2019 Nov, 21",201911
20191122,11/22/2019,FY2020,FY2020 Q2,2019 Nov,"2019 Nov, 22",201911
20191123,11/23/2019,FY2020,FY2020 Q2,2019 Nov,"2019 Nov, 23",201911
20191124,11/24/2019,FY2020,FY2020 Q2,2019 Nov,"2019 Nov, 24",201911
20191125,11/25/2019,FY2020,FY2020 Q2,2019 Nov,"2019 Nov, 25",201911
20191126,11/26/2019,FY2020,FY2020 Q2,2019 Nov,"2019 Nov, 26",201911
20191127,11/27/2019,FY2020,FY2020 Q2,2019 Nov,"2019 Nov, 27",201911
20191128,11/28/2019,FY2020,FY2020 Q2,2019 Nov,"2019 Nov, 28",201911
20191129,11/29/2019,FY2020,FY2020 Q2,2019 Nov,"2019 Nov, 29",201911
20191130,11/30/2019,FY2020,FY2020 Q2,2019 Nov,"2019 Nov, 30",201911
20191201,12/01/2019,FY2020,FY2020 Q2,2019 Dec,"2019 Dec, 01",201912
20191202,12/02/2019,FY2020,FY2020 Q2,2019 Dec,"2019 Dec, 02",201912
20191203,12/03/2019,FY2020,FY2020 Q2,2019 Dec,"2019 Dec, 03",201912
20191204,12/04/2019,FY2020,FY2020 Q2,2019 Dec,"2019 Dec, 04",201912
20191205,12/05/2019,FY2020,FY2020 Q2,2019 Dec,"2019 Dec, 05",201912
20191206,12/06/2019,FY2020,FY2020 Q2,2019 Dec,"2019 Dec, 06",201912
20191207,12/07/2019,FY2020,FY2020 Q2,2019 Dec,"2019 Dec, 07",201912
20191208,12/08/2019,FY2020,FY2020 Q2,2019 Dec,"2019 Dec, 08",201912
20191209,12/09/2019,FY2020,FY2020 Q2,2019 Dec,"2019 Dec, 09",201912
20191210,12/10/2019,FY2020,FY2020 Q2,2019 Dec,"2019 Dec, 10",201912
20191211,12/11/2019,FY2020,FY2020 Q2,2019 Dec,"2019 Dec, 11",201912
20191212,12/12/2019,FY2020,FY2020 Q2,2019 Dec,"2019 Dec, 12",201912
20191213,12/13/2019,FY2020,FY2020 Q2,2019 Dec,"2019 Dec, 13",201912
20191214,12/14/2019,FY2020,FY2020 Q2,2019 Dec,"2019 Dec, 14",201912
20191215,12/15/2019,FY2020,FY2020 Q2,2019 Dec,"2019 Dec, 15",201912
20191216,12/16/2019,FY2020,FY2020 Q2,2019 Dec,"2019 Dec, 16",201912
20191217,12/17/2019,FY2020,FY2020 Q2,2019 Dec,"2019 Dec, 17",201912
20191218,12/18/2019,FY2020,FY2020 Q2,2019 Dec,"2019 Dec, 18",201912
20191219,12/19/2019,FY2020,FY2020 Q2,2019 Dec,"2019 Dec, 19",201912
20191220,12/20/2019,FY2020,FY2020 Q2,2019 Dec,"2019 Dec, 20",201912
20191221,12/21/2019,FY2020,FY2020 Q2,2019 Dec,"2019 Dec, 21",201912
20191222,12/22/2019,FY2020,FY2020 Q2,2019 Dec,"2019 Dec, 22",201912
20191223,12/23/2019,FY2020,FY2020 Q2,2019 Dec,"2019 Dec, 23",201912
20191224,12/24/2019,FY2020,FY2020 Q2,2019 Dec,"2019 Dec, 24",201912
20191225,12/25/2019,FY2020,FY2020 Q2,2019 Dec,"2019 Dec, 25",201912
20191226,12/26/2019,FY2020,FY2020 Q2,2019 Dec,"2019 Dec, 26",201912
20191227,12/27/2019,FY2020,FY2020 Q2,2019 Dec,"2019 Dec, 27",201912
20191228,12/28/2019,FY2020,FY2020 Q2,2019 Dec,"2019 Dec, 28",201912
20191229,12/29/2019,FY2020,FY2020 Q2,2019 Dec,"2019 Dec, 29",201912
20191230,12/30/2019,FY2020,FY2020 Q2,2019 Dec,"2019 Dec, 30",201912
20191231,12/31/2019,FY2020,FY2020 Q2,2019 Dec,"2019 Dec, 31",201912
20200101,01/01/2020,FY2020,FY2020 Q3,2020 Jan,"2020 Jan, 01",202001
20200102,01/02/2020,FY2020,FY2020 Q3,2020 Jan,"2020 Jan, 02",202001
20200103,01/03/2020,FY2020,FY2020 Q3,2020 Jan,"2020 Jan, 03",202001
20200104,01/04/2020,FY2020,FY2020 Q3,2020 Jan,"2020 Jan, 04",202001
20200105,01/05/2020,FY2020,FY2020 Q3,2020 Jan,"2020 Jan, 05",202001
20200106,01/06/2020,FY2020,FY2020 Q3,2020 Jan,"2020 Jan, 06",202001
20200107,01/07/2020,FY2020,FY2020 Q3,2020 Jan,"2020 Jan, 07",202001
20200108,01/08/2020,FY2020,FY2020 Q3,2020 Jan,"2020 Jan, 08",202001
20200109,01/09/2020,FY2020,FY2020 Q3,2020 Jan,"2020 Jan, 09",202001
20200110,01/10/2020,FY2020,FY2020 Q3,2020 Jan,"2020 Jan, 10",202001
20200111,01/11/2020,FY2020,FY2020 Q3,2020 Jan,"2020 Jan, 11",202001
20200112,01/12/2020,FY2020,FY2020 Q3,2020 Jan,"2020 Jan, 12",202001
20200113,01/13/2020,FY2020,FY2020 Q3,2020 Jan,"2020 Jan, 13",202001
20200114,01/14/2020,FY2020,FY2020 Q3,2020 Jan,"2020 Jan, 14",202001
20200115,01/15/2020,FY2020,FY2020 Q3,2020 Jan,"2020 Jan, 15",202001
20200116,01/16/2020,FY2020,FY2020 Q3,2020 Jan,"2020 Jan, 16",202001
20200117,01/17/2020,FY2020,FY2020 Q3,2020 Jan,"2020 Jan, 17",202001
20200118,01/18/2020,FY2020,FY2020 Q3,2020 Jan,"2020 Jan, 18",202001
20200119,01/19/2020,FY2020,FY2020 Q3,2020 Jan,"2020 Jan, 19",202001
20200120,01/20/2020,FY2020,FY2020 Q3,2020 Jan,"2020 Jan, 20",202001
20200121,01/21/2020,FY2020,FY2020 Q3,2020 Jan,"2020 Jan, 21",202001
20200122,01/22/2020,FY2020,FY2020 Q3,2020 Jan,"2020 Jan, 22",202001
20200123,01/23/2020,FY2020,FY2020 Q3,2020 Jan,"2020 Jan, 23",202001
20200124,01/24/2020,FY2020,FY2020 Q3,2020 Jan,"2020 Jan, 24",202001
20200125,01/25/2020,FY2020,FY2020 Q3,2020 Jan,"2020 Jan, 25",202001
20200126,01/26/2020,FY2020,FY2020 Q3,2020 Jan,"2020 Jan, 26",202001
20200127,01/27/2020,FY2020,FY2020 Q3,2020 Jan,"2020 Jan, 27",202001
20200128,01/28/2020,FY2020,FY2020 Q3,2020 Jan,"2020 Jan, 28",202001
20200129,01/29/2020,FY2020,FY2020 Q3,2020 Jan,"2020 Jan, 29",202001
20200130,01/30/2020,FY2020,FY2020 Q3,2020 Jan,"2020 Jan, 30",202001
20200131,01/31/2020,FY2020,FY2020 Q3,2020 Jan,"2020 Jan, 31",202001
20200201,02/01/2020,FY2020,FY2020 Q3,2020 Feb,"2020 Feb, 01",202002
20200202,02/02/2020,FY2020,FY2020 Q3,2020 Feb,"2020 Feb, 02",202002
20200203,02/03/2020,FY2020,FY2020 Q3,2020 Feb,"2020 Feb, 03",202002
20200204,02/04/2020,FY2020,FY2020 Q3,2020 Feb,"2020 Feb, 04",202002
20200205,02/05/2020,FY2020,FY2020 Q3,2020 Feb,"2020 Feb, 05",202002
20200206,02/06/2020,FY2020,FY2020 Q3,2020 Feb,"2020 Feb, 06",202002
20200207,02/07/2020,FY2020,FY2020 Q3,2020 Feb,"2020 Feb, 07",202002
20200208,02/08/2020,FY2020,FY2020 Q3,2020 Feb,"2020 Feb, 08",202002
20200209,02/09/2020,FY2020,FY2020 Q3,2020 Feb,"2020 Feb, 09",202002
20200210,02/10/2020,FY2020,FY2020 Q3,2020 Feb,"2020 Feb, 10",202002
20200211,02/11/2020,FY2020,FY2020 Q3,2020 Feb,"2020 Feb, 11",202002
20200212,02/12/2020,FY2020,FY2020 Q3,2020 Feb,"2020 Feb, 12",202002
20200213,02/13/2020,FY2020,FY2020 Q3,2020 Feb,"2020 Feb, 13",202002
20200214,02/14/2020,FY2020,FY2020 Q3,2020 Feb,"2020 Feb, 14",202002
20200215,02/15/2020,FY2020,FY2020 Q3,2020 Feb,"2020 Feb, 15",202002
20200216,02/16/2020,FY2020,FY2020 Q3,2020 Feb,"2020 Feb, 16",202002
20200217,02/17/2020,FY2020,FY2020 Q3,2020 Feb,"2020 Feb, 17",202002
20200218,02/18/2020,FY2020,FY2020 Q3,2020 Feb,"2020 Feb, 18",202002
20200219,02/19/2020,FY2020,FY2020 Q3,2020 Feb,"2020 Feb, 19",202002
20200220,02/20/2020,FY2020,FY2020 Q3,2020 Feb,"2020 Feb, 20",202002
20200221,02/21/2020,FY2020,FY2020 Q3,2020 Feb,"2020 Feb, 21",202002
20200222,02/22/2020,FY2020,FY2020 Q3,2020 Feb,"2020 Feb, 22",202002
20200223,02/23/2020,FY2020,FY2020 Q3,2020 Feb,"2020 Feb, 23",202002
20200224,02/24/2020,FY2020,FY2020 Q3,2020 Feb,"2020 Feb, 24",202002
20200225,02/25/2020,FY2020,FY2020 Q3,2020 Feb,"2020 Feb, 25",202002
20200226,02/26/2020,FY2020,FY2020 Q3,2020 Feb,"2020 Feb, 26",202002
20200227,02/27/2020,FY2020,FY2020 Q3,2020 Feb,"2020 Feb, 27",202002
20200228,02/28/2020,FY2020,FY2020 Q3,2020 Feb,"2020 Feb, 28",202002
20200229,02/29/2020,FY2020,FY2020 Q3,2020 Feb,"2020 Feb, 29",202002
20200301,03/01/2020,FY2020,FY2020 Q3,2020 Mar,"2020 Mar, 01",202003
20200302,03/02/2020,FY2020,FY2020 Q3,2020 Mar,"2020 Mar, 02",202003
20200303,03/03/2020,FY2020,FY2020 Q3,2020 Mar,"2020 Mar, 03",202003
20200304,03/04/2020,FY2020,FY2020 Q3,2020 Mar,"2020 Mar, 04",202003
20200305,03/05/2020,FY2020,FY2020 Q3,2020 Mar,"2020 Mar, 05",202003
20200306,03/06/2020,FY2020,FY2020 Q3,2020 Mar,"2020 Mar, 06",202003
20200307,03/07/2020,FY2020,FY2020 Q3,2020 Mar,"2020 Mar, 07",202003
20200308,03/08/2020,FY2020,FY2020 Q3,2020 Mar,"2020 Mar, 08",202003
20200309,03/09/2020,FY2020,FY2020 Q3,2020 Mar,"2020 Mar, 09",202003
20200310,03/10/2020,FY2020,FY2020 Q3,2020 Mar,"2020 Mar, 10",202003
20200311,03/11/2020,FY2020,FY2020 Q3,2020 Mar,"2020 Mar, 11",202003
20200312,03/12/2020,FY2020,FY2020 Q3,2020 Mar,"2020 Mar, 12",202003
20200313,03/13/2020,FY2020,FY2020 Q3,2020 Mar,"2020 Mar, 13",202003
20200314,03/14/2020,FY2020,FY2020 Q3,2020 Mar,"2020 Mar, 14",202003
20200315,03/15/2020,FY2020,FY2020 Q3,2020 Mar,"2020 Mar, 15",202003
20200316,03/16/2020,FY2020,FY2020 Q3,2020 Mar,"2020 Mar, 16",202003
20200317,03/17/2020,FY2020,FY2020 Q3,2020 Mar,"2020 Mar, 17",202003
20200318,03/18/2020,FY2020,FY2020 Q3,2020 Mar,"2020 Mar, 18",202003
20200319,03/19/2020,FY2020,FY2020 Q3,2020 Mar,"2020 Mar, 19",202003
20200320,03/20/2020,FY2020,FY2020 Q3,2020 Mar,"2020 Mar, 20",202003
20200321,03/21/2020,FY2020,FY2020 Q3,2020 Mar,"2020 Mar, 21",202003
20200322,03/22/2020,FY2020,FY2020 Q3,2020 Mar,"2020 Mar, 22",202003
20200323,03/23/2020,FY2020,FY2020 Q3,2020 Mar,"2020 Mar, 23",202003
20200324,03/24/2020,FY2020,FY2020 Q3,2020 Mar,"2020 Mar, 24",202003
20200325,03/25/2020,FY2020,FY2020 Q3,2020 Mar,"2020 Mar, 25",202003
20200326,03/26/2020,FY2020,FY2020 Q3,2020 Mar,"2020 Mar, 26",202003
20200327,03/27/2020,FY2020,FY2020 Q3,2020 Mar,"2020 Mar, 27",202003
20200328,03/28/2020,FY2020,FY2020 Q3,2020 Mar,"2020 Mar, 28",202003
20200329,03/29/2020,FY2020,FY2020 Q3,2020 Mar,"2020 Mar, 29",202003
20200330,03/30/2020,FY2020,FY2020 Q3,2020 Mar,"2020 Mar, 30",202003
20200331,03/31/2020,FY2020,FY2020 Q3,2020 Mar,"2020 Mar, 31",202003
20200401,04/01/2020,FY2020,FY2020 Q4,2020 Apr,"2020 Apr, 01",202004
20200402,04/02/2020,FY2020,FY2020 Q4,2020 Apr,"2020 Apr, 02",202004
20200403,04/03/2020,FY2020,FY2020 Q4,2020 Apr,"2020 Apr, 03",202004
20200404,04/04/2020,FY2020,FY2020 Q4,2020 Apr,"2020 Apr, 04",202004
20200405,04/05/2020,FY2020,FY2020 Q4,2020 Apr,"2020 Apr, 05",202004
20200406,04/06/2020,FY2020,FY2020 Q4,2020 Apr,"2020 Apr, 06",202004
20200407,04/07/2020,FY2020,FY2020 Q4,2020 Apr,"2020 Apr, 07",202004
20200408,04/08/2020,FY2020,FY2020 Q4,2020 Apr,"2020 Apr, 08",202004
20200409,04/09/2020,FY2020,FY2020 Q4,2020 Apr,"2020 Apr, 09",202004
20200410,04/10/2020,FY2020,FY2020 Q4,2020 Apr,"2020 Apr, 10",202004
20200411,04/11/2020,FY2020,FY2020 Q4,2020 Apr,"2020 Apr, 11",202004
20200412,04/12/2020,FY2020,FY2020 Q4,2020 Apr,"2020 Apr, 12",202004
20200413,04/13/2020,FY2020,FY2020 Q4,2020 Apr,"2020 Apr, 13",202004
20200414,04/14/2020,FY2020,FY2020 Q4,2020 Apr,"2020 Apr, 14",202004
20200415,04/15/2020,FY2020,FY2020 Q4,2020 Apr,"2020 Apr, 15",202004
20200416,04/16/2020,FY2020,FY2020 Q4,2020 Apr,"2020 Apr, 16",202004
20200417,04/17/2020,FY2020,FY2020 Q4,2020 Apr,"2020 Apr, 17",202004
20200418,04/18/2020,FY2020,FY2020 Q4,2020 Apr,"2020 Apr, 18",202004
20200419,04/19/2020,FY2020,FY2020 Q4,2020 Apr,"2020 Apr, 19",202004
20200420,04/20/2020,FY2020,FY2020 Q4,2020 Apr,"2020 Apr, 20",202004
20200421,04/21/2020,FY2020,FY2020 Q4,2020 Apr,"2020 Apr, 21",202004
20200422,04/22/2020,FY2020,FY2020 Q4,2020 Apr,"2020 Apr, 22",202004
20200423,04/23/2020,FY2020,FY2020 Q4,2020 Apr,"2020 Apr, 23",202004
20200424,04/24/2020,FY2020,FY2020 Q4,2020 Apr,"2020 Apr, 24",202004
20200425,04/25/2020,FY2020,FY2020 Q4,2020 Apr,"2020 Apr, 25",202004
20200426,04/26/2020,FY2020,FY2020 Q4,2020 Apr,"2020 Apr, 26",202004
20200427,04/27/2020,FY2020,FY2020 Q4,2020 Apr,"2020 Apr, 27",202004
20200428,04/28/2020,FY2020,FY2020 Q4,2020 Apr,"2020 Apr, 28",202004
20200429,04/29/2020,FY2020,FY2020 Q4,2020 Apr,"2020 Apr, 29",202004
20200430,04/30/2020,FY2020,FY2020 Q4,2020 Apr,"2020 Apr, 30",202004
20200501,05/01/2020,FY2020,FY2020 Q4,2020 May,"2020 May, 01",202005
20200502,05/02/2020,FY2020,FY2020 Q4,2020 May,"2020 May, 02",202005
20200503,05/03/2020,FY2020,FY2020 Q4,2020 May,"2020 May, 03",202005
20200504,05/04/2020,FY2020,FY2020 Q4,2020 May,"2020 May, 04",202005
20200505,05/05/2020,FY2020,FY2020 Q4,2020 May,"2020 May, 05",202005
20200506,05/06/2020,FY2020,FY2020 Q4,2020 May,"2020 May, 06",202005
20200507,05/07/2020,FY2020,FY2020 Q4,2020 May,"2020 May, 07",202005
20200508,05/08/2020,FY2020,FY2020 Q4,2020 May,"2020 May, 08",202005
20200509,05/09/2020,FY2020,FY2020 Q4,2020 May,"2020 May, 09",202005
20200510,05/10/2020,FY2020,FY2020 Q4,2020 May,"2020 May, 10",202005
20200511,05/11/2020,FY2020,FY2020 Q4,2020 May,"2020 May, 11",202005
20200512,05/12/2020,FY2020,FY2020 Q4,2020 May,"2020 May, 12",202005
20200513,05/13/2020,FY2020,FY2020 Q4,2020 May,"2020 May, 13",202005
20200514,05/14/2020,FY2020,FY2020 Q4,2020 May,"2020 May, 14",202005
20200515,05/15/2020,FY2020,FY2020 Q4,2020 May,"2020 May, 15",202005
20200516,05/16/2020,FY2020,FY2020 Q4,2020 May,"2020 May, 16",202005
20200517,05/17/2020,FY2020,FY2020 Q4,2020 May,"2020 May, 17",202005
20200518,05/18/2020,FY2020,FY2020 Q4,2020 May,"2020 May, 18",202005
20200519,05/19/2020,FY2020,FY2020 Q4,2020 May,"2020 May, 19",202005
20200520,05/20/2020,FY2020,FY2020 Q4,2020 May,"2020 May, 20",202005
20200521,05/21/2020,FY2020,FY2020 Q4,2020 May,"2020 May, 21",202005
20200522,05/22/2020,FY2020,FY2020 Q4,2020 May,"2020 May, 22",202005
20200523,05/23/2020,FY2020,FY2020 Q4,2020 May,"2020 May, 23",202005
20200524,05/24/2020,FY2020,FY2020 Q4,2020 May,"2020 May, 24",202005
20200525,05/25/2020,FY2020,FY2020 Q4,2020 May,"2020 May, 25",202005
20200526,05/26/2020,FY2020,FY2020 Q4,2020 May,"2020 May, 26",202005
20200527,05/27/2020,FY2020,FY2020 Q4,2020 May,"2020 May, 27",202005
20200528,05/28/2020,FY2020,FY2020 Q4,2020 May,"2020 May, 28",202005
20200529,05/29/2020,FY2020,FY2020 Q4,2020 May,"2020 May, 29",202005
20200530,05/30/2020,FY2020,FY2020 Q4,2020 May,"2020 May, 30",202005
20200531,05/31/2020,FY2020,FY2020 Q4,2020 May,"2020 May, 31",202005
20200601,06/01/2020,FY2020,FY2020 Q4,2020 Jun,"2020 Jun, 01",202006
20200602,06/02/2020,FY2020,FY2020 Q4,2020 Jun,"2020 Jun, 02",202006
20200603,06/03/2020,FY2020,FY2020 Q4,2020 Jun,"2020 Jun, 03",202006
20200604,06/04/2020,FY2020,FY2020 Q4,2020 Jun,"2020 Jun, 04",202006
20200605,06/05/2020,FY2020,FY2020 Q4,2020 Jun,"2020 Jun, 05",202006
20200606,06/06/2020,FY2020,FY2020 Q4,2020 Jun,"2020 Jun, 06",202006
20200607,06/07/2020,FY2020,FY2020 Q4,2020 Jun,"2020 Jun, 07",202006
20200608,06/08/2020,FY2020,FY2020 Q4,2020 Jun,"2020 Jun, 08",202006
20200609,06/09/2020,FY2020,FY2020 Q4,2020 Jun,"2020 Jun, 09",202006
20200610,06/10/2020,FY2020,FY2020 Q4,2020 Jun,"2020 Jun, 10",202006
20200611,06/11/2020,FY2020,FY2020 Q4,2020 Jun,"2020 Jun, 11",202006
20200612,06/12/2020,FY2020,FY2020 Q4,2020 Jun,"2020 Jun, 12",202006
20200613,06/13/2020,FY2020,FY2020 Q4,2020 Jun,"2020 Jun, 13",202006
20200614,06/14/2020,FY2020,FY2020 Q4,2020 Jun,"2020 Jun, 14",202006
20200615,06/15/2020,FY2020,FY2020 Q4,2020 Jun,"2020 Jun, 15",202006
